fila_original,grupo,conjunto
0,0,Entrenamiento
1,1,Entrenamiento
2,2,Entrenamiento
3,3,Entrenamiento
4,4,Entrenamiento
5,5,Entrenamiento
6,6,Entrenamiento
7,7,Entrenamiento
8,8,Validacion
9,9,Entrenamiento
10,10,Entrenamiento
11,11,Entrenamiento
12,12,Validacion
13,13,Entrenamiento
14,14,Prueba
15,15,Prueba
16,16,Entrenamiento
17,17,Validacion
18,18,Entrenamiento
19,19,Prueba
20,20,Entrenamiento
21,21,Entrenamiento
22,22,Entrenamiento
23,23,Prueba
24,24,Entrenamiento
25,25,Entrenamiento
26,26,Validacion
27,27,Entrenamiento
28,28,Entrenamiento
29,29,Validacion
30,30,Validacion
31,31,Entrenamiento
32,32,Entrenamiento
33,33,Prueba
34,34,Entrenamiento
35,35,Entrenamiento
36,36,Entrenamiento
37,37,Validacion
38,38,Entrenamiento
39,39,Entrenamiento
40,40,Entrenamiento
41,41,Entrenamiento
42,42,Entrenamiento
43,43,Prueba
44,44,Validacion
45,45,Validacion
46,46,Entrenamiento
47,47,Prueba
48,48,Entrenamiento
49,49,Entrenamiento
50,50,Entrenamiento
51,51,Validacion
52,52,Entrenamiento
53,53,Entrenamiento
54,54,Entrenamiento
55,55,Entrenamiento
56,56,Entrenamiento
57,57,Entrenamiento
58,58,Entrenamiento
59,59,Entrenamiento
60,60,Entrenamiento
61,61,Validacion
62,62,Prueba
63,63,Validacion
64,64,Entrenamiento
65,65,Validacion
66,66,Entrenamiento
67,67,Entrenamiento
68,68,Validacion
69,69,Validacion
70,70,Prueba
71,71,Prueba
72,72,Entrenamiento
73,73,Entrenamiento
74,74,Entrenamiento
75,75,Validacion
76,76,Entrenamiento
77,77,Entrenamiento
78,78,Entrenamiento
79,79,Validacion
80,80,Validacion
81,81,Entrenamiento
82,82,Entrenamiento
83,83,Entrenamiento
84,84,Validacion
85,85,Entrenamiento
86,86,Entrenamiento
87,87,Entrenamiento
88,88,Prueba
89,89,Entrenamiento
90,90,Prueba
91,91,Entrenamiento
92,92,Entrenamiento
93,93,Prueba
94,94,Entrenamiento
95,95,Prueba
96,96,Validacion
97,97,Entrenamiento
98,98,Entrenamiento
99,99,Validacion
100,100,Validacion
101,101,Validacion
102,102,Validacion
103,103,Entrenamiento
104,104,Entrenamiento
105,105,Entrenamiento
106,106,Validacion
107,107,Prueba
108,108,Entrenamiento
109,109,Validacion
110,110,Prueba
111,111,Entrenamiento
112,112,Entrenamiento
113,113,Entrenamiento
114,114,Entrenamiento
115,115,Entrenamiento
116,116,Entrenamiento
117,117,Entrenamiento
118,118,Entrenamiento
119,119,Entrenamiento
120,120,Validacion
121,121,Prueba
122,122,Prueba
123,123,Entrenamiento
124,124,Validacion
125,125,Entrenamiento
126,126,Entrenamiento
127,127,Entrenamiento
128,128,Entrenamiento
129,129,Entrenamiento
130,130,Entrenamiento
131,131,Entrenamiento
132,132,Validacion
133,133,Entrenamiento
134,134,Validacion
135,135,Prueba
136,136,Entrenamiento
137,137,Entrenamiento
138,138,Entrenamiento
139,139,Prueba
140,140,Entrenamiento
141,141,Entrenamiento
142,142,Validacion
143,143,Entrenamiento
144,144,Prueba
145,145,Entrenamiento
146,146,Entrenamiento
147,147,Entrenamiento
148,148,Entrenamiento
149,149,Validacion
150,150,Validacion
151,151,Prueba
152,152,Entrenamiento
153,153,Entrenamiento
154,154,Entrenamiento
155,155,Entrenamiento
156,156,Validacion
157,157,Prueba
158,158,Entrenamiento
159,159,Entrenamiento
160,160,Entrenamiento
161,161,Entrenamiento
162,162,Entrenamiento
163,163,Entrenamiento
164,164,Entrenamiento
165,165,Entrenamiento
166,166,Entrenamiento
167,167,Validacion
168,168,Prueba
169,169,Entrenamiento
170,170,Entrenamiento
171,171,Entrenamiento
172,172,Entrenamiento
173,173,Entrenamiento
174,174,Entrenamiento
175,175,Prueba
176,176,Entrenamiento
177,177,Validacion
178,178,Entrenamiento
179,179,Validacion
180,178,Entrenamiento
181,180,Entrenamiento
182,181,Validacion
183,182,Entrenamiento
184,183,Prueba
185,184,Validacion
186,185,Prueba
187,186,Entrenamiento
188,187,Entrenamiento
189,188,Entrenamiento
190,189,Entrenamiento
191,190,Entrenamiento
192,191,Entrenamiento
193,192,Prueba
194,193,Entrenamiento
195,194,Entrenamiento
196,195,Prueba
197,196,Validacion
198,197,Entrenamiento
199,198,Entrenamiento
200,199,Prueba
201,200,Entrenamiento
202,201,Entrenamiento
203,189,Entrenamiento
204,202,Entrenamiento
205,203,Prueba
206,204,Entrenamiento
207,205,Entrenamiento
208,206,Entrenamiento
209,207,Entrenamiento
210,208,Validacion
211,209,Entrenamiento
212,210,Validacion
213,211,Entrenamiento
214,212,Entrenamiento
215,213,Entrenamiento
216,214,Prueba
217,215,Entrenamiento
218,216,Entrenamiento
219,217,Validacion
220,218,Validacion
221,219,Prueba
222,220,Entrenamiento
223,221,Validacion
224,222,Entrenamiento
225,223,Entrenamiento
226,224,Entrenamiento
227,225,Entrenamiento
228,226,Entrenamiento
229,227,Prueba
230,228,Validacion
231,229,Validacion
232,230,Prueba
233,231,Entrenamiento
234,232,Entrenamiento
235,233,Validacion
236,184,Validacion
237,234,Entrenamiento
238,235,Entrenamiento
239,236,Entrenamiento
240,237,Entrenamiento
241,238,Prueba
242,239,Prueba
243,240,Prueba
244,241,Entrenamiento
245,242,Entrenamiento
246,243,Entrenamiento
247,244,Entrenamiento
248,245,Prueba
249,210,Validacion
250,246,Entrenamiento
251,247,Validacion
252,111,Entrenamiento
253,248,Prueba
254,249,Entrenamiento
255,250,Entrenamiento
256,251,Validacion
257,252,Validacion
258,253,Entrenamiento
259,254,Validacion
260,255,Entrenamiento
261,256,Entrenamiento
262,257,Validacion
263,258,Entrenamiento
264,259,Validacion
265,260,Entrenamiento
266,261,Entrenamiento
267,262,Entrenamiento
268,263,Validacion
269,264,Entrenamiento
270,265,Entrenamiento
271,266,Entrenamiento
272,267,Entrenamiento
273,268,Entrenamiento
274,269,Entrenamiento
275,270,Entrenamiento
276,271,Entrenamiento
277,272,Validacion
278,273,Entrenamiento
279,274,Prueba
280,275,Entrenamiento
281,276,Entrenamiento
282,277,Entrenamiento
283,278,Entrenamiento
284,279,Validacion
285,280,Entrenamiento
286,281,Entrenamiento
287,282,Entrenamiento
288,283,Validacion
289,284,Entrenamiento
290,285,Entrenamiento
291,286,Prueba
292,287,Prueba
293,288,Entrenamiento
294,289,Entrenamiento
295,290,Prueba
296,291,Validacion
297,292,Validacion
298,293,Validacion
299,294,Entrenamiento
300,295,Validacion
301,296,Validacion
302,297,Prueba
303,298,Validacion
304,299,Entrenamiento
305,300,Entrenamiento
306,301,Entrenamiento
307,302,Entrenamiento
308,303,Entrenamiento
309,304,Entrenamiento
310,305,Entrenamiento
311,306,Entrenamiento
312,307,Entrenamiento
313,308,Prueba
314,309,Entrenamiento
315,310,Entrenamiento
316,311,Entrenamiento
317,312,Entrenamiento
318,313,Entrenamiento
319,314,Entrenamiento
320,315,Validacion
321,316,Entrenamiento
322,317,Entrenamiento
323,167,Validacion
324,318,Prueba
325,319,Validacion
326,320,Entrenamiento
327,321,Entrenamiento
328,322,Prueba
329,323,Entrenamiento
330,324,Validacion
331,325,Prueba
332,326,Entrenamiento
333,327,Entrenamiento
334,328,Entrenamiento
335,329,Entrenamiento
336,330,Entrenamiento
337,331,Entrenamiento
338,332,Validacion
339,333,Validacion
340,334,Prueba
341,335,Entrenamiento
342,336,Validacion
343,337,Entrenamiento
344,338,Entrenamiento
345,339,Validacion
346,340,Entrenamiento
347,341,Entrenamiento
348,342,Entrenamiento
349,343,Entrenamiento
350,344,Entrenamiento
351,345,Entrenamiento
352,346,Validacion
353,347,Entrenamiento
354,348,Entrenamiento
355,349,Entrenamiento
356,350,Validacion
357,351,Prueba
358,352,Entrenamiento
359,353,Entrenamiento
360,354,Prueba
361,355,Entrenamiento
362,356,Entrenamiento
363,357,Entrenamiento
364,188,Entrenamiento
365,358,Entrenamiento
366,359,Entrenamiento
367,360,Validacion
368,361,Entrenamiento
369,362,Entrenamiento
370,363,Entrenamiento
371,364,Entrenamiento
372,365,Entrenamiento
373,366,Prueba
374,367,Validacion
375,368,Entrenamiento
376,369,Entrenamiento
377,370,Entrenamiento
378,371,Prueba
379,372,Entrenamiento
380,373,Prueba
381,345,Entrenamiento
382,374,Entrenamiento
383,375,Entrenamiento
384,376,Validacion
385,377,Entrenamiento
386,378,Prueba
387,379,Entrenamiento
388,380,Validacion
389,381,Validacion
390,382,Entrenamiento
391,383,Entrenamiento
392,384,Entrenamiento
393,385,Entrenamiento
394,386,Entrenamiento
395,387,Validacion
396,388,Entrenamiento
397,389,Entrenamiento
398,390,Entrenamiento
399,391,Entrenamiento
400,392,Entrenamiento
401,393,Prueba
402,394,Entrenamiento
403,395,Entrenamiento
404,336,Validacion
405,396,Entrenamiento
406,25,Entrenamiento
407,397,Entrenamiento
408,398,Entrenamiento
409,399,Entrenamiento
410,400,Entrenamiento
411,401,Prueba
412,402,Entrenamiento
413,403,Entrenamiento
414,404,Entrenamiento
415,405,Entrenamiento
416,406,Entrenamiento
417,407,Entrenamiento
418,408,Validacion
419,409,Entrenamiento
420,410,Prueba
421,411,Prueba
422,412,Entrenamiento
423,217,Validacion
424,413,Entrenamiento
425,414,Prueba
426,415,Prueba
427,416,Prueba
428,417,Entrenamiento
429,418,Validacion
430,419,Entrenamiento
431,400,Entrenamiento
432,420,Entrenamiento
433,421,Entrenamiento
434,422,Prueba
435,423,Entrenamiento
436,424,Entrenamiento
437,425,Validacion
438,426,Validacion
439,427,Entrenamiento
440,400,Entrenamiento
441,428,Prueba
442,257,Validacion
443,429,Prueba
444,430,Entrenamiento
445,431,Entrenamiento
446,432,Entrenamiento
447,433,Entrenamiento
448,372,Entrenamiento
449,434,Entrenamiento
450,435,Entrenamiento
451,436,Entrenamiento
452,437,Validacion
453,438,Validacion
454,439,Validacion
455,440,Entrenamiento
456,441,Entrenamiento
457,442,Entrenamiento
458,443,Validacion
459,444,Entrenamiento
460,445,Validacion
461,446,Entrenamiento
462,447,Validacion
463,448,Entrenamiento
464,449,Entrenamiento
465,450,Prueba
466,411,Prueba
467,451,Prueba
468,452,Validacion
469,453,Prueba
470,454,Entrenamiento
471,455,Entrenamiento
472,456,Entrenamiento
473,457,Validacion
474,458,Entrenamiento
475,459,Entrenamiento
476,460,Entrenamiento
477,461,Entrenamiento
478,462,Entrenamiento
479,463,Validacion
480,380,Validacion
481,464,Entrenamiento
482,465,Validacion
483,466,Entrenamiento
484,467,Entrenamiento
485,468,Prueba
486,469,Entrenamiento
487,470,Entrenamiento
488,471,Prueba
489,472,Prueba
490,473,Validacion
491,474,Entrenamiento
492,475,Entrenamiento
493,292,Validacion
494,476,Entrenamiento
495,477,Entrenamiento
496,478,Validacion
497,479,Prueba
498,480,Entrenamiento
499,481,Entrenamiento
500,482,Entrenamiento
501,483,Entrenamiento
502,484,Entrenamiento
503,485,Prueba
504,486,Validacion
505,487,Entrenamiento
506,488,Entrenamiento
507,489,Entrenamiento
508,490,Entrenamiento
509,491,Prueba
510,492,Entrenamiento
511,493,Entrenamiento
512,494,Entrenamiento
513,495,Entrenamiento
514,496,Entrenamiento
515,497,Prueba
516,498,Validacion
517,499,Entrenamiento
518,500,Entrenamiento
519,501,Prueba
520,502,Entrenamiento
521,503,Entrenamiento
522,504,Entrenamiento
523,505,Prueba
524,506,Prueba
525,506,Prueba
526,507,Validacion
527,508,Entrenamiento
528,509,Entrenamiento
529,205,Entrenamiento
530,510,Entrenamiento
531,497,Prueba
532,511,Prueba
533,512,Entrenamiento
534,513,Entrenamiento
535,391,Entrenamiento
536,514,Entrenamiento
537,515,Entrenamiento
538,516,Entrenamiento
539,517,Prueba
540,518,Prueba
541,519,Entrenamiento
542,520,Entrenamiento
543,521,Entrenamiento
544,522,Entrenamiento
545,523,Entrenamiento
546,524,Entrenamiento
547,525,Entrenamiento
548,526,Entrenamiento
549,527,Validacion
550,528,Entrenamiento
551,529,Entrenamiento
552,530,Prueba
553,531,Entrenamiento
554,440,Entrenamiento
555,532,Entrenamiento
556,533,Validacion
557,534,Validacion
558,535,Entrenamiento
559,536,Entrenamiento
560,537,Entrenamiento
561,538,Prueba
562,539,Entrenamiento
563,540,Entrenamiento
564,541,Entrenamiento
565,542,Entrenamiento
566,543,Prueba
567,544,Validacion
568,545,Entrenamiento
569,546,Entrenamiento
570,547,Entrenamiento
571,548,Validacion
572,549,Prueba
573,550,Entrenamiento
574,551,Entrenamiento
575,552,Entrenamiento
576,553,Validacion
577,554,Entrenamiento
578,555,Validacion
579,556,Entrenamiento
580,557,Entrenamiento
581,431,Entrenamiento
582,558,Entrenamiento
583,559,Entrenamiento
584,560,Entrenamiento
585,561,Validacion
586,562,Entrenamiento
587,563,Entrenamiento
588,564,Prueba
589,565,Entrenamiento
590,566,Prueba
591,567,Validacion
592,568,Prueba
593,569,Entrenamiento
594,341,Entrenamiento
595,570,Entrenamiento
596,280,Entrenamiento
597,571,Entrenamiento
598,572,Entrenamiento
599,573,Entrenamiento
600,574,Entrenamiento
601,575,Entrenamiento
602,576,Prueba
603,250,Entrenamiento
604,577,Validacion
605,578,Entrenamiento
606,579,Entrenamiento
607,580,Entrenamiento
608,581,Entrenamiento
609,582,Prueba
610,253,Entrenamiento
611,583,Entrenamiento
612,93,Prueba
613,584,Prueba
614,585,Validacion
615,586,Validacion
616,587,Entrenamiento
617,588,Entrenamiento
618,589,Validacion
619,399,Entrenamiento
620,590,Entrenamiento
621,591,Entrenamiento
622,592,Entrenamiento
623,593,Entrenamiento
624,594,Prueba
625,460,Entrenamiento
626,595,Entrenamiento
627,596,Validacion
628,597,Entrenamiento
629,598,Validacion
630,599,Validacion
631,600,Entrenamiento
632,601,Entrenamiento
633,602,Validacion
634,603,Entrenamiento
635,604,Entrenamiento
636,431,Entrenamiento
637,605,Prueba
638,606,Entrenamiento
639,144,Prueba
640,607,Prueba
641,608,Entrenamiento
642,609,Entrenamiento
643,610,Entrenamiento
644,611,Prueba
645,612,Entrenamiento
646,613,Prueba
647,614,Entrenamiento
648,615,Entrenamiento
649,616,Entrenamiento
650,617,Entrenamiento
651,618,Entrenamiento
652,619,Entrenamiento
653,620,Prueba
654,621,Validacion
655,579,Entrenamiento
656,622,Prueba
657,623,Entrenamiento
658,624,Validacion
659,625,Validacion
660,626,Validacion
661,627,Entrenamiento
662,628,Entrenamiento
663,629,Entrenamiento
664,103,Entrenamiento
665,630,Entrenamiento
666,631,Entrenamiento
667,632,Entrenamiento
668,633,Prueba
669,634,Entrenamiento
670,635,Entrenamiento
671,636,Entrenamiento
672,637,Entrenamiento
673,638,Entrenamiento
674,639,Entrenamiento
675,640,Entrenamiento
676,641,Entrenamiento
677,642,Validacion
678,643,Entrenamiento
679,644,Prueba
680,645,Entrenamiento
681,646,Entrenamiento
682,647,Entrenamiento
683,648,Entrenamiento
684,649,Entrenamiento
685,650,Entrenamiento
686,651,Entrenamiento
687,652,Prueba
688,653,Prueba
689,654,Validacion
690,404,Entrenamiento
691,655,Prueba
692,656,Entrenamiento
693,657,Validacion
694,658,Entrenamiento
695,659,Entrenamiento
696,660,Entrenamiento
697,661,Entrenamiento
698,662,Entrenamiento
699,399,Entrenamiento
700,663,Entrenamiento
701,664,Entrenamiento
702,665,Entrenamiento
703,666,Entrenamiento
704,182,Entrenamiento
705,667,Entrenamiento
706,668,Prueba
707,669,Entrenamiento
708,670,Prueba
709,671,Entrenamiento
710,672,Entrenamiento
711,673,Entrenamiento
712,674,Entrenamiento
713,675,Entrenamiento
714,676,Validacion
715,677,Validacion
716,678,Entrenamiento
717,679,Entrenamiento
718,680,Entrenamiento
719,385,Entrenamiento
720,681,Validacion
721,682,Entrenamiento
722,683,Prueba
723,684,Entrenamiento
724,685,Entrenamiento
725,686,Entrenamiento
726,687,Entrenamiento
727,688,Entrenamiento
728,689,Entrenamiento
729,690,Validacion
730,691,Prueba
731,458,Entrenamiento
732,692,Entrenamiento
733,693,Validacion
734,694,Entrenamiento
735,695,Entrenamiento
736,696,Validacion
737,697,Entrenamiento
738,656,Entrenamiento
739,698,Entrenamiento
740,699,Entrenamiento
741,700,Entrenamiento
742,701,Entrenamiento
743,702,Entrenamiento
744,703,Entrenamiento
745,704,Entrenamiento
746,239,Prueba
747,705,Prueba
748,706,Entrenamiento
749,707,Entrenamiento
750,708,Entrenamiento
751,709,Entrenamiento
752,710,Entrenamiento
753,711,Prueba
754,712,Validacion
755,713,Entrenamiento
756,714,Entrenamiento
757,263,Validacion
758,715,Entrenamiento
759,716,Entrenamiento
760,717,Entrenamiento
761,718,Prueba
762,719,Entrenamiento
763,548,Validacion
764,720,Prueba
765,721,Validacion
766,722,Entrenamiento
767,723,Entrenamiento
768,724,Prueba
769,725,Entrenamiento
770,683,Prueba
771,726,Entrenamiento
772,727,Entrenamiento
773,728,Entrenamiento
774,729,Entrenamiento
775,730,Prueba
776,731,Prueba
777,542,Entrenamiento
778,732,Entrenamiento
779,733,Validacion
780,734,Validacion
781,735,Entrenamiento
782,560,Entrenamiento
783,736,Prueba
784,737,Validacion
785,738,Entrenamiento
786,739,Entrenamiento
787,182,Entrenamiento
788,327,Entrenamiento
789,740,Entrenamiento
790,741,Entrenamiento
791,696,Validacion
792,742,Validacion
793,743,Entrenamiento
794,744,Prueba
795,745,Prueba
796,746,Validacion
797,444,Entrenamiento
798,747,Validacion
799,748,Prueba
800,749,Entrenamiento
801,750,Entrenamiento
802,751,Validacion
803,752,Entrenamiento
804,753,Entrenamiento
805,754,Entrenamiento
806,755,Validacion
807,220,Entrenamiento
808,756,Validacion
809,757,Prueba
810,758,Entrenamiento
811,759,Prueba
812,760,Entrenamiento
813,464,Entrenamiento
814,761,Entrenamiento
815,762,Entrenamiento
816,763,Prueba
817,764,Prueba
818,88,Prueba
819,752,Entrenamiento
820,765,Validacion
821,766,Entrenamiento
822,767,Entrenamiento
823,444,Entrenamiento
824,768,Entrenamiento
825,769,Entrenamiento
826,770,Entrenamiento
827,771,Entrenamiento
828,772,Entrenamiento
829,577,Validacion
830,773,Entrenamiento
831,774,Entrenamiento
832,775,Entrenamiento
833,776,Validacion
834,777,Validacion
835,778,Entrenamiento
836,779,Entrenamiento
837,780,Entrenamiento
838,781,Entrenamiento
839,782,Entrenamiento
840,783,Prueba
841,283,Validacion
842,784,Entrenamiento
843,785,Entrenamiento
844,786,Entrenamiento
845,787,Prueba
846,788,Entrenamiento
847,789,Entrenamiento
848,790,Entrenamiento
849,791,Entrenamiento
850,792,Entrenamiento
851,793,Entrenamiento
852,794,Validacion
853,239,Prueba
854,795,Entrenamiento
855,796,Entrenamiento
856,797,Entrenamiento
857,798,Validacion
858,799,Entrenamiento
859,800,Validacion
860,801,Entrenamiento
861,802,Prueba
862,803,Prueba
863,804,Entrenamiento
864,805,Prueba
865,806,Entrenamiento
866,807,Prueba
867,808,Prueba
868,809,Prueba
869,810,Validacion
870,811,Prueba
871,812,Validacion
872,813,Entrenamiento
873,814,Entrenamiento
874,815,Entrenamiento
875,816,Entrenamiento
876,817,Entrenamiento
877,818,Entrenamiento
878,819,Entrenamiento
879,820,Entrenamiento
880,821,Entrenamiento
881,822,Entrenamiento
882,823,Entrenamiento
883,824,Entrenamiento
884,307,Entrenamiento
885,825,Entrenamiento
886,376,Validacion
887,826,Entrenamiento
888,615,Entrenamiento
889,396,Entrenamiento
890,25,Entrenamiento
891,827,Entrenamiento
892,828,Validacion
893,829,Validacion
894,830,Entrenamiento
895,831,Prueba
896,832,Entrenamiento
897,833,Prueba
898,834,Entrenamiento
899,835,Entrenamiento
900,836,Entrenamiento
901,837,Validacion
902,838,Validacion
903,839,Entrenamiento
904,757,Prueba
905,253,Entrenamiento
906,840,Entrenamiento
907,841,Prueba
908,842,Prueba
909,843,Entrenamiento
910,641,Entrenamiento
911,844,Entrenamiento
912,845,Entrenamiento
913,846,Entrenamiento
914,847,Entrenamiento
915,848,Prueba
916,849,Entrenamiento
917,850,Entrenamiento
918,851,Entrenamiento
919,852,Entrenamiento
920,853,Entrenamiento
921,854,Entrenamiento
922,855,Entrenamiento
923,856,Validacion
924,857,Prueba
925,858,Entrenamiento
926,859,Prueba
927,860,Entrenamiento
928,519,Entrenamiento
929,861,Entrenamiento
930,862,Entrenamiento
931,863,Entrenamiento
932,864,Prueba
933,865,Prueba
934,866,Entrenamiento
935,867,Entrenamiento
936,707,Entrenamiento
937,868,Entrenamiento
938,869,Entrenamiento
939,870,Entrenamiento
940,871,Entrenamiento
941,178,Entrenamiento
942,872,Entrenamiento
943,873,Entrenamiento
944,874,Entrenamiento
945,824,Entrenamiento
946,875,Entrenamiento
947,876,Entrenamiento
948,877,Validacion
949,126,Entrenamiento
950,878,Entrenamiento
951,879,Prueba
952,880,Entrenamiento
953,881,Validacion
954,882,Entrenamiento
955,391,Entrenamiento
956,883,Entrenamiento
957,480,Entrenamiento
958,884,Entrenamiento
959,885,Entrenamiento
960,886,Entrenamiento
961,887,Prueba
962,888,Entrenamiento
963,889,Prueba
964,890,Entrenamiento
965,891,Entrenamiento
966,892,Entrenamiento
967,893,Prueba
968,894,Entrenamiento
969,895,Entrenamiento
970,896,Prueba
971,897,Prueba
972,898,Validacion
973,899,Entrenamiento
974,900,Entrenamiento
975,901,Entrenamiento
976,902,Entrenamiento
977,903,Validacion
978,893,Prueba
979,904,Entrenamiento
980,169,Entrenamiento
981,905,Entrenamiento
982,906,Entrenamiento
983,907,Prueba
984,908,Entrenamiento
985,909,Entrenamiento
986,910,Entrenamiento
987,911,Validacion
988,912,Entrenamiento
989,913,Entrenamiento
990,312,Entrenamiento
991,914,Entrenamiento
992,915,Validacion
993,916,Entrenamiento
994,917,Entrenamiento
995,918,Entrenamiento
996,919,Entrenamiento
997,920,Entrenamiento
998,292,Validacion
999,921,Entrenamiento
1000,922,Entrenamiento
1001,380,Validacion
1002,923,Entrenamiento
1003,924,Entrenamiento
1004,925,Prueba
1005,926,Validacion
1006,927,Prueba
1007,928,Entrenamiento
1008,929,Entrenamiento
1009,930,Entrenamiento
1010,668,Prueba
1011,931,Prueba
1012,932,Prueba
1013,933,Entrenamiento
1014,934,Entrenamiento
1015,935,Entrenamiento
1016,936,Entrenamiento
1017,937,Entrenamiento
1018,938,Entrenamiento
1019,444,Entrenamiento
1020,939,Entrenamiento
1021,431,Entrenamiento
1022,940,Entrenamiento
1023,941,Entrenamiento
1024,942,Entrenamiento
1025,126,Entrenamiento
1026,943,Entrenamiento
1027,944,Prueba
1028,416,Prueba
1029,945,Prueba
1030,946,Entrenamiento
1031,947,Entrenamiento
1032,948,Entrenamiento
1033,949,Validacion
1034,950,Entrenamiento
1035,951,Entrenamiento
1036,952,Prueba
1037,953,Entrenamiento
1038,434,Entrenamiento
1039,954,Entrenamiento
1040,955,Entrenamiento
1041,956,Entrenamiento
1042,400,Entrenamiento
1043,957,Validacion
1044,958,Entrenamiento
1045,959,Entrenamiento
1046,960,Entrenamiento
1047,961,Entrenamiento
1048,251,Validacion
1049,962,Entrenamiento
1050,963,Entrenamiento
1051,964,Prueba
1052,953,Entrenamiento
1053,965,Entrenamiento
1054,966,Entrenamiento
1055,967,Entrenamiento
1056,968,Entrenamiento
1057,969,Validacion
1058,970,Entrenamiento
1059,971,Entrenamiento
1060,972,Entrenamiento
1061,973,Entrenamiento
1062,974,Entrenamiento
1063,975,Entrenamiento
1064,167,Validacion
1065,976,Entrenamiento
1066,977,Prueba
1067,978,Prueba
1068,979,Entrenamiento
1069,980,Entrenamiento
1070,937,Entrenamiento
1071,981,Entrenamiento
1072,982,Entrenamiento
1073,431,Entrenamiento
1074,622,Prueba
1075,983,Entrenamiento
1076,984,Entrenamiento
1077,905,Entrenamiento
1078,985,Entrenamiento
1079,986,Entrenamiento
1080,987,Entrenamiento
1081,988,Entrenamiento
1082,989,Entrenamiento
1083,990,Entrenamiento
1084,560,Entrenamiento
1085,991,Entrenamiento
1086,992,Entrenamiento
1087,588,Entrenamiento
1088,993,Entrenamiento
1089,937,Entrenamiento
1090,994,Validacion
1091,995,Entrenamiento
1092,996,Prueba
1093,997,Entrenamiento
1094,998,Entrenamiento
1095,999,Prueba
1096,1000,Entrenamiento
1097,1001,Prueba
1098,1002,Prueba
1099,1003,Entrenamiento
1100,1004,Entrenamiento
1101,1005,Entrenamiento
1102,533,Validacion
1103,598,Validacion
1104,1006,Entrenamiento
1105,1007,Entrenamiento
1106,1008,Entrenamiento
1107,136,Entrenamiento
1108,1009,Entrenamiento
1109,380,Validacion
1110,1010,Prueba
1111,1011,Entrenamiento
1112,1012,Entrenamiento
1113,1013,Entrenamiento
1114,1014,Entrenamiento
1115,1015,Entrenamiento
1116,1016,Entrenamiento
1117,581,Entrenamiento
1118,432,Entrenamiento
1119,1017,Entrenamiento
1120,1018,Prueba
1121,1019,Entrenamiento
1122,1020,Prueba
1123,1021,Entrenamiento
1124,497,Prueba
1125,1022,Prueba
1126,1023,Entrenamiento
1127,1024,Entrenamiento
1128,1025,Validacion
1129,1026,Entrenamiento
1130,1027,Entrenamiento
1131,1028,Entrenamiento
1132,1029,Validacion
1133,1030,Prueba
1134,1031,Entrenamiento
1135,1032,Prueba
1136,1033,Prueba
1137,1034,Validacion
1138,1035,Entrenamiento
1139,1036,Entrenamiento
1140,1037,Entrenamiento
1141,1038,Validacion
1142,1039,Validacion
1143,743,Entrenamiento
1144,1040,Entrenamiento
1145,1041,Validacion
1146,1042,Validacion
1147,1043,Entrenamiento
1148,1044,Prueba
1149,1045,Entrenamiento
1150,1046,Validacion
1151,1047,Prueba
1152,1048,Entrenamiento
1153,1049,Prueba
1154,269,Entrenamiento
1155,1050,Entrenamiento
1156,1051,Entrenamiento
1157,1052,Validacion
1158,241,Entrenamiento
1159,1053,Entrenamiento
1160,461,Entrenamiento
1161,1054,Entrenamiento
1162,1055,Prueba
1163,1056,Validacion
1164,1057,Prueba
1165,1058,Entrenamiento
1166,1059,Entrenamiento
1167,1060,Entrenamiento
1168,1061,Entrenamiento
1169,433,Entrenamiento
1170,1062,Entrenamiento
1171,1063,Entrenamiento
1172,431,Entrenamiento
1173,217,Validacion
1174,1064,Entrenamiento
1175,1065,Entrenamiento
1176,1066,Entrenamiento
1177,1067,Entrenamiento
1178,1068,Validacion
1179,1069,Entrenamiento
1180,1070,Entrenamiento
1181,1071,Prueba
1182,1072,Entrenamiento
1183,1073,Validacion
1184,1074,Prueba
1185,1075,Prueba
1186,1044,Prueba
1187,1052,Validacion
1188,1076,Entrenamiento
1189,1077,Entrenamiento
1190,1078,Entrenamiento
1191,1079,Entrenamiento
1192,1080,Entrenamiento
1193,1081,Entrenamiento
1194,1082,Entrenamiento
1195,1083,Entrenamiento
1196,1084,Prueba
1197,1085,Entrenamiento
1198,1086,Prueba
1199,1087,Prueba
1200,917,Entrenamiento
1201,1088,Entrenamiento
1202,1089,Entrenamiento
1203,1090,Prueba
1204,1087,Prueba
1205,1091,Entrenamiento
1206,1092,Entrenamiento
1207,1093,Entrenamiento
1208,1094,Validacion
1209,461,Entrenamiento
1210,1095,Validacion
1211,1096,Prueba
1212,105,Entrenamiento
1213,1097,Validacion
1214,1098,Entrenamiento
1215,126,Entrenamiento
1216,1099,Entrenamiento
1217,269,Entrenamiento
1218,1100,Entrenamiento
1219,1101,Prueba
1220,1102,Entrenamiento
1221,1103,Prueba
1222,1104,Entrenamiento
1223,93,Prueba
1224,1105,Entrenamiento
1225,1106,Entrenamiento
1226,1107,Entrenamiento
1227,1108,Entrenamiento
1228,0,Entrenamiento
1229,1,Entrenamiento
1230,2,Entrenamiento
1231,1109,Prueba
1232,4,Entrenamiento
1233,1110,Entrenamiento
1234,6,Entrenamiento
1235,1111,Entrenamiento
1236,8,Validacion
1237,1112,Entrenamiento
1238,10,Entrenamiento
1239,1113,Entrenamiento
1240,1114,Entrenamiento
1241,1115,Prueba
1242,1116,Entrenamiento
1243,15,Prueba
1244,16,Entrenamiento
1245,17,Validacion
1246,1117,Validacion
1247,1118,Entrenamiento
1248,1119,Entrenamiento
1249,1120,Entrenamiento
1250,1121,Prueba
1251,23,Prueba
1252,1122,Entrenamiento
1253,25,Entrenamiento
1254,1123,Entrenamiento
1255,27,Entrenamiento
1256,28,Entrenamiento
1257,29,Validacion
1258,30,Validacion
1259,31,Entrenamiento
1260,1124,Entrenamiento
1261,1125,Entrenamiento
1262,1126,Prueba
1263,35,Entrenamiento
1264,36,Entrenamiento
1265,1127,Entrenamiento
1266,1128,Prueba
1267,1129,Prueba
1268,1130,Entrenamiento
1269,1131,Entrenamiento
1270,42,Entrenamiento
1271,43,Prueba
1272,44,Validacion
1273,45,Validacion
1274,46,Entrenamiento
1275,1132,Entrenamiento
1276,48,Entrenamiento
1277,1133,Entrenamiento
1278,50,Entrenamiento
1279,1134,Entrenamiento
1280,1135,Entrenamiento
1281,1136,Entrenamiento
1282,54,Entrenamiento
1283,55,Entrenamiento
1284,1137,Entrenamiento
1285,1138,Entrenamiento
1286,58,Entrenamiento
1287,59,Entrenamiento
1288,60,Entrenamiento
1289,61,Validacion
1290,62,Prueba
1291,1139,Entrenamiento
1292,64,Entrenamiento
1293,65,Validacion
1294,66,Entrenamiento
1295,67,Entrenamiento
1296,68,Validacion
1297,69,Validacion
1298,1140,Entrenamiento
1299,1141,Entrenamiento
1300,1142,Entrenamiento
1301,1143,Entrenamiento
1302,1144,Validacion
1303,75,Validacion
1304,1145,Entrenamiento
1305,77,Entrenamiento
1306,1146,Entrenamiento
1307,79,Validacion
1308,80,Validacion
1309,1147,Entrenamiento
1310,1148,Entrenamiento
1311,1149,Prueba
1312,84,Validacion
1313,85,Entrenamiento
1314,86,Entrenamiento
1315,1150,Entrenamiento
1316,1151,Entrenamiento
1317,1152,Entrenamiento
1318,90,Prueba
1319,1153,Entrenamiento
1320,1154,Entrenamiento
1321,818,Entrenamiento
1322,1155,Entrenamiento
1323,741,Entrenamiento
1324,1156,Entrenamiento
1325,97,Entrenamiento
1326,98,Entrenamiento
1327,99,Validacion
1328,1157,Prueba
1329,101,Validacion
1330,102,Validacion
1331,103,Entrenamiento
1332,104,Entrenamiento
1333,494,Entrenamiento
1334,1158,Validacion
1335,1159,Entrenamiento
1336,1160,Entrenamiento
1337,1161,Validacion
1338,110,Prueba
1339,1162,Entrenamiento
1340,112,Entrenamiento
1341,113,Entrenamiento
1342,114,Entrenamiento
1343,1163,Prueba
1344,1164,Entrenamiento
1345,1165,Entrenamiento
1346,1166,Entrenamiento
1347,1167,Entrenamiento
1348,1168,Prueba
1349,1169,Entrenamiento
1350,1170,Entrenamiento
1351,123,Entrenamiento
1352,124,Validacion
1353,125,Entrenamiento
1354,1171,Entrenamiento
1355,127,Entrenamiento
1356,128,Entrenamiento
1357,1172,Prueba
1358,1173,Prueba
1359,1174,Validacion
1360,1175,Validacion
1361,133,Entrenamiento
1362,134,Validacion
1363,1176,Prueba
1364,1177,Entrenamiento
1365,137,Entrenamiento
1366,1178,Entrenamiento
1367,139,Prueba
1368,140,Entrenamiento
1369,141,Entrenamiento
1370,142,Validacion
1371,143,Entrenamiento
1372,144,Prueba
1373,1179,Entrenamiento
1374,1180,Entrenamiento
1375,147,Entrenamiento
1376,1181,Prueba
1377,1182,Entrenamiento
1378,150,Validacion
1379,151,Prueba
1380,152,Entrenamiento
1381,153,Entrenamiento
1382,154,Entrenamiento
1383,155,Entrenamiento
1384,156,Validacion
1385,1183,Prueba
1386,158,Entrenamiento
1387,159,Entrenamiento
1388,160,Entrenamiento
1389,161,Entrenamiento
1390,162,Entrenamiento
1391,1184,Entrenamiento
1392,1185,Entrenamiento
1393,165,Entrenamiento
1394,166,Entrenamiento
1395,167,Validacion
1396,1186,Prueba
1397,1187,Entrenamiento
1398,170,Entrenamiento
1399,171,Entrenamiento
1400,172,Entrenamiento
1401,1188,Validacion
1402,1189,Validacion
1403,1190,Entrenamiento
1404,1191,Entrenamiento
1405,1192,Entrenamiento
1406,1193,Validacion
1407,1194,Validacion
1408,178,Entrenamiento
1409,1195,Entrenamiento
1410,181,Validacion
1411,1196,Entrenamiento
1412,1197,Validacion
1413,871,Entrenamiento
1414,185,Prueba
1415,1198,Entrenamiento
1416,187,Entrenamiento
1417,188,Entrenamiento
1418,1199,Validacion
1419,1200,Prueba
1420,1201,Entrenamiento
1421,1202,Entrenamiento
1422,1203,Entrenamiento
1423,1204,Entrenamiento
1424,195,Prueba
1425,1045,Entrenamiento
1426,1205,Entrenamiento
1427,198,Entrenamiento
1428,1206,Entrenamiento
1429,1207,Entrenamiento
1430,201,Entrenamiento
1431,189,Entrenamiento
1432,1208,Entrenamiento
1433,203,Prueba
1434,204,Entrenamiento
1435,205,Entrenamiento
1436,206,Entrenamiento
1437,207,Entrenamiento
1438,208,Validacion
1439,1209,Validacion
1440,210,Validacion
1441,211,Entrenamiento
1442,1210,Validacion
1443,1211,Prueba
1444,1212,Prueba
1445,1213,Entrenamiento
1446,1214,Entrenamiento
1447,1215,Validacion
1448,1216,Entrenamiento
1449,1217,Entrenamiento
1450,1218,Entrenamiento
1451,1219,Validacion
1452,222,Entrenamiento
1453,223,Entrenamiento
1454,1220,Validacion
1455,1221,Entrenamiento
1456,1222,Prueba
1457,227,Prueba
1458,228,Validacion
1459,229,Validacion
1460,230,Prueba
1461,231,Entrenamiento
1462,232,Entrenamiento
1463,1223,Validacion
1464,184,Validacion
1465,234,Entrenamiento
1466,235,Entrenamiento
1467,236,Entrenamiento
1468,237,Entrenamiento
1469,238,Prueba
1470,696,Validacion
1471,240,Prueba
1472,241,Entrenamiento
1473,1224,Validacion
1474,243,Entrenamiento
1475,1225,Entrenamiento
1476,1226,Entrenamiento
1477,1227,Entrenamiento
1478,1228,Entrenamiento
1479,247,Validacion
1480,111,Entrenamiento
1481,1229,Entrenamiento
1482,1230,Validacion
1483,400,Entrenamiento
1484,251,Validacion
1485,252,Validacion
1486,253,Entrenamiento
1487,671,Entrenamiento
1488,255,Entrenamiento
1489,167,Validacion
1490,257,Validacion
1491,1231,Validacion
1492,259,Validacion
1493,260,Entrenamiento
1494,261,Entrenamiento
1495,1232,Entrenamiento
1496,263,Validacion
1497,264,Entrenamiento
1498,1233,Entrenamiento
1499,266,Entrenamiento
1500,267,Entrenamiento
1501,1234,Entrenamiento
1502,1235,Validacion
1503,1236,Entrenamiento
1504,271,Entrenamiento
1505,272,Validacion
1506,1237,Entrenamiento
1507,274,Prueba
1508,275,Entrenamiento
1509,1238,Entrenamiento
1510,1198,Entrenamiento
1511,1239,Entrenamiento
1512,1240,Entrenamiento
1513,280,Entrenamiento
1514,1098,Entrenamiento
1515,282,Entrenamiento
1516,283,Validacion
1517,1241,Entrenamiento
1518,282,Entrenamiento
1519,1242,Validacion
1520,1243,Entrenamiento
1521,1244,Prueba
1522,289,Entrenamiento
1523,290,Prueba
1524,1245,Entrenamiento
1525,292,Validacion
1526,293,Validacion
1527,294,Entrenamiento
1528,1246,Entrenamiento
1529,296,Validacion
1530,297,Prueba
1531,1247,Entrenamiento
1532,1248,Entrenamiento
1533,300,Entrenamiento
1534,301,Entrenamiento
1535,1249,Entrenamiento
1536,303,Entrenamiento
1537,1250,Entrenamiento
1538,1251,Entrenamiento
1539,306,Entrenamiento
1540,307,Entrenamiento
1541,1252,Entrenamiento
1542,1253,Validacion
1543,385,Entrenamiento
1544,1254,Entrenamiento
1545,312,Entrenamiento
1546,313,Entrenamiento
1547,314,Entrenamiento
1548,315,Validacion
1549,316,Entrenamiento
1550,317,Entrenamiento
1551,167,Validacion
1552,318,Prueba
1553,319,Validacion
1554,320,Entrenamiento
1555,321,Entrenamiento
1556,1255,Validacion
1557,323,Entrenamiento
1558,324,Validacion
1559,325,Prueba
1560,1256,Entrenamiento
1561,327,Entrenamiento
1562,1257,Entrenamiento
1563,329,Entrenamiento
1564,330,Entrenamiento
1565,663,Entrenamiento
1566,1258,Prueba
1567,333,Validacion
1568,1259,Entrenamiento
1569,335,Entrenamiento
1570,336,Validacion
1571,1260,Prueba
1572,338,Entrenamiento
1573,1261,Prueba
1574,340,Entrenamiento
1575,1262,Entrenamiento
1576,342,Entrenamiento
1577,1263,Prueba
1578,344,Entrenamiento
1579,345,Entrenamiento
1580,1264,Entrenamiento
1581,1265,Entrenamiento
1582,348,Entrenamiento
1583,1266,Entrenamiento
1584,350,Validacion
1585,351,Prueba
1586,352,Entrenamiento
1587,353,Entrenamiento
1588,1267,Entrenamiento
1589,355,Entrenamiento
1590,356,Entrenamiento
1591,357,Entrenamiento
1592,188,Entrenamiento
1593,358,Entrenamiento
1594,359,Entrenamiento
1595,1268,Validacion
1596,361,Entrenamiento
1597,362,Entrenamiento
1598,1269,Entrenamiento
1599,364,Entrenamiento
1600,365,Entrenamiento
1601,366,Prueba
1602,367,Validacion
1603,868,Entrenamiento
1604,369,Entrenamiento
1605,370,Entrenamiento
1606,371,Prueba
1607,372,Entrenamiento
1608,373,Prueba
1609,345,Entrenamiento
1610,374,Entrenamiento
1611,1270,Entrenamiento
1612,1271,Entrenamiento
1613,377,Entrenamiento
1614,378,Prueba
1615,1272,Prueba
1616,380,Validacion
1617,381,Validacion
1618,382,Entrenamiento
1619,1273,Entrenamiento
1620,384,Entrenamiento
1621,385,Entrenamiento
1622,1274,Entrenamiento
1623,387,Validacion
1624,1275,Entrenamiento
1625,1276,Entrenamiento
1626,1265,Entrenamiento
1627,391,Entrenamiento
1628,885,Entrenamiento
1629,1277,Entrenamiento
1630,380,Validacion
1631,395,Entrenamiento
1632,336,Validacion
1633,396,Entrenamiento
1634,25,Entrenamiento
1635,397,Entrenamiento
1636,398,Entrenamiento
1637,399,Entrenamiento
1638,400,Entrenamiento
1639,401,Prueba
1640,402,Entrenamiento
1641,403,Entrenamiento
1642,1278,Entrenamiento
1643,405,Entrenamiento
1644,1279,Entrenamiento
1645,1280,Entrenamiento
1646,1281,Prueba
1647,409,Entrenamiento
1648,1282,Entrenamiento
1649,411,Prueba
1650,412,Entrenamiento
1651,217,Validacion
1652,1283,Entrenamiento
1653,414,Prueba
1654,415,Prueba
1655,416,Prueba
1656,417,Entrenamiento
1657,418,Validacion
1658,813,Entrenamiento
1659,400,Entrenamiento
1660,420,Entrenamiento
1661,1284,Entrenamiento
1662,422,Prueba
1663,423,Entrenamiento
1664,424,Entrenamiento
1665,425,Validacion
1666,1285,Entrenamiento
1667,1286,Entrenamiento
1668,400,Entrenamiento
1669,428,Prueba
1670,257,Validacion
1671,429,Prueba
1672,430,Entrenamiento
1673,431,Entrenamiento
1674,432,Entrenamiento
1675,433,Entrenamiento
1676,1287,Prueba
1677,779,Entrenamiento
1678,435,Entrenamiento
1679,436,Entrenamiento
1680,437,Validacion
1681,438,Validacion
1682,331,Entrenamiento
1683,440,Entrenamiento
1684,441,Entrenamiento
1685,442,Entrenamiento
1686,1288,Entrenamiento
1687,1289,Entrenamiento
1688,1290,Entrenamiento
1689,1291,Entrenamiento
1690,1292,Prueba
1691,1293,Validacion
1692,449,Entrenamiento
1693,450,Prueba
1694,1294,Validacion
1695,1295,Prueba
1696,452,Validacion
1697,1296,Entrenamiento
1698,1297,Prueba
1699,1298,Entrenamiento
1700,456,Entrenamiento
1701,457,Validacion
1702,1299,Entrenamiento
1703,1300,Entrenamiento
1704,460,Entrenamiento
1705,461,Entrenamiento
1706,462,Entrenamiento
1707,463,Validacion
1708,380,Validacion
1709,464,Entrenamiento
1710,465,Validacion
1711,466,Entrenamiento
1712,467,Entrenamiento
1713,468,Prueba
1714,469,Entrenamiento
1715,470,Entrenamiento
1716,471,Prueba
1717,1301,Entrenamiento
1718,473,Validacion
1719,474,Entrenamiento
1720,773,Entrenamiento
1721,1302,Validacion
1722,1303,Entrenamiento
1723,477,Entrenamiento
1724,1304,Entrenamiento
1725,479,Prueba
1726,751,Validacion
1727,1305,Prueba
1728,1306,Entrenamiento
1729,1307,Entrenamiento
1730,1308,Entrenamiento
1731,485,Prueba
1732,486,Validacion
1733,1309,Entrenamiento
1734,1310,Entrenamiento
1735,489,Entrenamiento
1736,490,Entrenamiento
1737,1311,Entrenamiento
1738,492,Entrenamiento
1739,986,Entrenamiento
1740,494,Entrenamiento
1741,495,Entrenamiento
1742,496,Entrenamiento
1743,497,Prueba
1744,498,Validacion
1745,499,Entrenamiento
1746,1312,Entrenamiento
1747,501,Prueba
1748,1313,Entrenamiento
1749,503,Entrenamiento
1750,504,Entrenamiento
1751,505,Prueba
1752,1314,Entrenamiento
1753,1314,Entrenamiento
1754,1315,Prueba
1755,508,Entrenamiento
1756,509,Entrenamiento
1757,283,Validacion
1758,510,Entrenamiento
1759,497,Prueba
1760,511,Prueba
1761,512,Entrenamiento
1762,1316,Entrenamiento
1763,688,Entrenamiento
1764,514,Entrenamiento
1765,515,Entrenamiento
1766,516,Entrenamiento
1767,517,Prueba
1768,1317,Entrenamiento
1769,519,Entrenamiento
1770,520,Entrenamiento
1771,521,Entrenamiento
1772,522,Entrenamiento
1773,523,Entrenamiento
1774,524,Entrenamiento
1775,525,Entrenamiento
1776,336,Validacion
1777,1318,Entrenamiento
1778,528,Entrenamiento
1779,529,Entrenamiento
1780,530,Prueba
1781,1319,Prueba
1782,440,Entrenamiento
1783,532,Entrenamiento
1784,533,Validacion
1785,1320,Entrenamiento
1786,535,Entrenamiento
1787,1302,Validacion
1788,537,Entrenamiento
1789,538,Prueba
1790,539,Entrenamiento
1791,540,Entrenamiento
1792,1321,Prueba
1793,542,Entrenamiento
1794,543,Prueba
1795,544,Validacion
1796,545,Entrenamiento
1797,546,Entrenamiento
1798,547,Entrenamiento
1799,548,Validacion
1800,1322,Prueba
1801,1323,Prueba
1802,1324,Entrenamiento
1803,1325,Entrenamiento
1804,1326,Entrenamiento
1805,1327,Entrenamiento
1806,1328,Prueba
1807,1329,Entrenamiento
1808,557,Entrenamiento
1809,431,Entrenamiento
1810,1330,Prueba
1811,559,Entrenamiento
1812,1331,Entrenamiento
1813,635,Entrenamiento
1814,562,Entrenamiento
1815,1332,Entrenamiento
1816,510,Entrenamiento
1817,1333,Entrenamiento
1818,1334,Prueba
1819,1335,Validacion
1820,568,Prueba
1821,569,Entrenamiento
1822,341,Entrenamiento
1823,570,Entrenamiento
1824,280,Entrenamiento
1825,1336,Entrenamiento
1826,572,Entrenamiento
1827,1337,Entrenamiento
1828,574,Entrenamiento
1829,575,Entrenamiento
1830,1094,Validacion
1831,400,Entrenamiento
1832,577,Validacion
1833,578,Entrenamiento
1834,579,Entrenamiento
1835,580,Entrenamiento
1836,1338,Prueba
1837,582,Prueba
1838,253,Entrenamiento
1839,583,Entrenamiento
1840,1339,Entrenamiento
1841,1340,Entrenamiento
1842,1341,Entrenamiento
1843,1342,Entrenamiento
1844,1001,Prueba
1845,1343,Entrenamiento
1846,1344,Prueba
1847,399,Entrenamiento
1848,590,Entrenamiento
1849,591,Entrenamiento
1850,1345,Validacion
1851,1346,Entrenamiento
1852,594,Prueba
1853,1347,Entrenamiento
1854,595,Entrenamiento
1855,596,Validacion
1856,1348,Entrenamiento
1857,1349,Entrenamiento
1858,599,Validacion
1859,600,Entrenamiento
1860,601,Entrenamiento
1861,1350,Prueba
1862,603,Entrenamiento
1863,604,Entrenamiento
1864,431,Entrenamiento
1865,605,Prueba
1866,606,Entrenamiento
1867,144,Prueba
1868,607,Prueba
1869,608,Entrenamiento
1870,609,Entrenamiento
1871,1351,Prueba
1872,1352,Entrenamiento
1873,612,Entrenamiento
1874,1353,Entrenamiento
1875,614,Entrenamiento
1876,615,Entrenamiento
1877,616,Entrenamiento
1878,1354,Entrenamiento
1879,618,Entrenamiento
1880,619,Entrenamiento
1881,620,Prueba
1882,621,Validacion
1883,579,Entrenamiento
1884,622,Prueba
1885,623,Entrenamiento
1886,624,Validacion
1887,625,Validacion
1888,626,Validacion
1889,627,Entrenamiento
1890,628,Entrenamiento
1891,629,Entrenamiento
1892,103,Entrenamiento
1893,630,Entrenamiento
1894,1355,Entrenamiento
1895,646,Entrenamiento
1896,1356,Entrenamiento
1897,634,Entrenamiento
1898,635,Entrenamiento
1899,636,Entrenamiento
1900,637,Entrenamiento
1901,1357,Entrenamiento
1902,639,Entrenamiento
1903,1358,Entrenamiento
1904,663,Entrenamiento
1905,1359,Entrenamiento
1906,643,Entrenamiento
1907,1360,Entrenamiento
1908,645,Entrenamiento
1909,646,Entrenamiento
1910,647,Entrenamiento
1911,1361,Validacion
1912,1362,Prueba
1913,650,Entrenamiento
1914,651,Entrenamiento
1915,1363,Entrenamiento
1916,1364,Entrenamiento
1917,1365,Entrenamiento
1918,1328,Prueba
1919,1100,Entrenamiento
1920,656,Entrenamiento
1921,1366,Entrenamiento
1922,1367,Entrenamiento
1923,1368,Entrenamiento
1924,1369,Entrenamiento
1925,661,Entrenamiento
1926,1370,Prueba
1927,399,Entrenamiento
1928,641,Entrenamiento
1929,1371,Prueba
1930,1372,Entrenamiento
1931,666,Entrenamiento
1932,1080,Entrenamiento
1933,1373,Entrenamiento
1934,668,Prueba
1935,669,Entrenamiento
1936,670,Prueba
1937,671,Entrenamiento
1938,672,Entrenamiento
1939,673,Entrenamiento
1940,674,Entrenamiento
1941,675,Entrenamiento
1942,1374,Validacion
1943,677,Validacion
1944,111,Entrenamiento
1945,1375,Entrenamiento
1946,1376,Entrenamiento
1947,310,Entrenamiento
1948,681,Validacion
1949,682,Entrenamiento
1950,683,Prueba
1951,621,Validacion
1952,1377,Entrenamiento
1953,686,Entrenamiento
1954,1378,Entrenamiento
1955,688,Entrenamiento
1956,1039,Validacion
1957,690,Validacion
1958,691,Prueba
1959,458,Entrenamiento
1960,692,Entrenamiento
1961,693,Validacion
1962,694,Entrenamiento
1963,695,Entrenamiento
1964,696,Validacion
1965,697,Entrenamiento
1966,466,Entrenamiento
1967,698,Entrenamiento
1968,699,Entrenamiento
1969,700,Entrenamiento
1970,701,Entrenamiento
1971,702,Entrenamiento
1972,703,Entrenamiento
1973,1379,Prueba
1974,239,Prueba
1975,705,Prueba
1976,706,Entrenamiento
1977,707,Entrenamiento
1978,1380,Entrenamiento
1979,1381,Entrenamiento
1980,710,Entrenamiento
1981,1382,Entrenamiento
1982,1383,Validacion
1983,713,Entrenamiento
1984,714,Entrenamiento
1985,263,Validacion
1986,715,Entrenamiento
1987,716,Entrenamiento
1988,717,Entrenamiento
1989,718,Prueba
1990,719,Entrenamiento
1991,548,Validacion
1992,1384,Entrenamiento
1993,1385,Entrenamiento
1994,722,Entrenamiento
1995,723,Entrenamiento
1996,1386,Entrenamiento
1997,1387,Entrenamiento
1998,683,Prueba
1999,1388,Entrenamiento
2000,533,Validacion
2001,1389,Entrenamiento
2002,729,Entrenamiento
2003,730,Prueba
2004,731,Prueba
2005,542,Entrenamiento
2006,732,Entrenamiento
2007,733,Validacion
2008,1390,Entrenamiento
2009,735,Entrenamiento
2010,1331,Entrenamiento
2011,736,Prueba
2012,1391,Entrenamiento
2013,738,Entrenamiento
2014,739,Entrenamiento
2015,182,Entrenamiento
2016,327,Entrenamiento
2017,740,Entrenamiento
2018,741,Entrenamiento
2019,696,Validacion
2020,742,Validacion
2021,743,Entrenamiento
2022,744,Prueba
2023,881,Validacion
2024,746,Validacion
2025,444,Entrenamiento
2026,1392,Validacion
2027,1393,Prueba
2028,1394,Entrenamiento
2029,1395,Entrenamiento
2030,1377,Entrenamiento
2031,752,Entrenamiento
2032,753,Entrenamiento
2033,754,Entrenamiento
2034,1396,Entrenamiento
2035,220,Entrenamiento
2036,976,Entrenamiento
2037,1397,Validacion
2038,1398,Entrenamiento
2039,1399,Entrenamiento
2040,1400,Prueba
2041,1401,Entrenamiento
2042,1402,Entrenamiento
2043,1403,Entrenamiento
2044,763,Prueba
2045,1404,Entrenamiento
2046,88,Prueba
2047,752,Entrenamiento
2048,1405,Entrenamiento
2049,1406,Validacion
2050,1407,Validacion
2051,444,Entrenamiento
2052,1408,Entrenamiento
2053,769,Entrenamiento
2054,1409,Entrenamiento
2055,771,Entrenamiento
2056,772,Entrenamiento
2057,577,Validacion
2058,773,Entrenamiento
2059,455,Entrenamiento
2060,775,Entrenamiento
2061,776,Validacion
2062,1410,Prueba
2063,1411,Prueba
2064,434,Entrenamiento
2065,1412,Validacion
2066,1413,Entrenamiento
2067,782,Entrenamiento
2068,783,Prueba
2069,283,Validacion
2070,784,Entrenamiento
2071,785,Entrenamiento
2072,786,Entrenamiento
2073,787,Prueba
2074,1414,Entrenamiento
2075,789,Entrenamiento
2076,790,Entrenamiento
2077,791,Entrenamiento
2078,792,Entrenamiento
2079,793,Entrenamiento
2080,1031,Entrenamiento
2081,696,Validacion
2082,511,Prueba
2083,1415,Entrenamiento
2084,1416,Entrenamiento
2085,798,Validacion
2086,1417,Entrenamiento
2087,1418,Entrenamiento
2088,801,Entrenamiento
2089,802,Prueba
2090,803,Prueba
2091,804,Entrenamiento
2092,1419,Prueba
2093,1420,Validacion
2094,807,Prueba
2095,808,Prueba
2096,1421,Validacion
2097,1422,Entrenamiento
2098,811,Prueba
2099,812,Validacion
2100,813,Entrenamiento
2101,814,Entrenamiento
2102,815,Entrenamiento
2103,816,Entrenamiento
2104,817,Entrenamiento
2105,93,Prueba
2106,819,Entrenamiento
2107,820,Entrenamiento
2108,1423,Entrenamiento
2109,822,Entrenamiento
2110,1424,Entrenamiento
2111,824,Entrenamiento
2112,307,Entrenamiento
2113,825,Entrenamiento
2114,376,Validacion
2115,826,Entrenamiento
2116,615,Entrenamiento
2117,396,Entrenamiento
2118,25,Entrenamiento
2119,827,Entrenamiento
2120,828,Validacion
2121,829,Validacion
2122,830,Entrenamiento
2123,831,Prueba
2124,832,Entrenamiento
2125,833,Prueba
2126,1425,Validacion
2127,835,Entrenamiento
2128,836,Entrenamiento
2129,1426,Prueba
2130,838,Validacion
2131,839,Entrenamiento
2132,1397,Validacion
2133,253,Entrenamiento
2134,1427,Entrenamiento
2135,841,Prueba
2136,842,Prueba
2137,843,Entrenamiento
2138,439,Validacion
2139,844,Entrenamiento
2140,1428,Entrenamiento
2141,846,Entrenamiento
2142,847,Entrenamiento
2143,1429,Entrenamiento
2144,1430,Entrenamiento
2145,850,Entrenamiento
2146,851,Entrenamiento
2147,1431,Entrenamiento
2148,1432,Prueba
2149,854,Entrenamiento
2150,1433,Validacion
2151,856,Validacion
2152,857,Prueba
2153,1434,Entrenamiento
2154,1435,Entrenamiento
2155,860,Entrenamiento
2156,519,Entrenamiento
2157,861,Entrenamiento
2158,1430,Entrenamiento
2159,863,Entrenamiento
2160,1436,Validacion
2161,865,Prueba
2162,1437,Prueba
2163,867,Entrenamiento
2164,707,Entrenamiento
2165,868,Entrenamiento
2166,1438,Prueba
2167,870,Entrenamiento
2168,184,Validacion
2169,178,Entrenamiento
2170,1439,Entrenamiento
2171,1440,Entrenamiento
2172,1441,Entrenamiento
2173,824,Entrenamiento
2174,875,Entrenamiento
2175,876,Entrenamiento
2176,1442,Entrenamiento
2177,126,Entrenamiento
2178,1443,Entrenamiento
2179,879,Prueba
2180,880,Entrenamiento
2181,745,Prueba
2182,1444,Entrenamiento
2183,391,Entrenamiento
2184,883,Entrenamiento
2185,1377,Entrenamiento
2186,884,Entrenamiento
2187,885,Entrenamiento
2188,451,Prueba
2189,1445,Entrenamiento
2190,888,Entrenamiento
2191,817,Entrenamiento
2192,890,Entrenamiento
2193,1446,Entrenamiento
2194,892,Entrenamiento
2195,893,Prueba
2196,1447,Entrenamiento
2197,895,Entrenamiento
2198,896,Prueba
2199,897,Prueba
2200,1448,Validacion
2201,1449,Entrenamiento
2202,1450,Entrenamiento
2203,1451,Prueba
2204,902,Entrenamiento
2205,1452,Entrenamiento
2206,1453,Entrenamiento
2207,904,Entrenamiento
2208,169,Entrenamiento
2209,905,Entrenamiento
2210,1454,Validacion
2211,1455,Entrenamiento
2212,1456,Validacion
2213,1457,Entrenamiento
2214,440,Entrenamiento
2215,911,Validacion
2216,912,Entrenamiento
2217,1458,Entrenamiento
2218,312,Entrenamiento
2219,914,Entrenamiento
2220,1459,Entrenamiento
2221,1460,Entrenamiento
2222,1461,Entrenamiento
2223,918,Entrenamiento
2224,1462,Entrenamiento
2225,1463,Entrenamiento
2226,1302,Validacion
2227,921,Entrenamiento
2228,1464,Entrenamiento
2229,380,Validacion
2230,1465,Entrenamiento
2231,924,Entrenamiento
2232,1466,Entrenamiento
2233,693,Validacion
2234,1467,Prueba
2235,1468,Prueba
2236,717,Entrenamiento
2237,577,Validacion
2238,668,Prueba
2239,182,Entrenamiento
2240,1469,Entrenamiento
2241,596,Validacion
2242,1470,Entrenamiento
2243,935,Entrenamiento
2244,1471,Validacion
2245,937,Entrenamiento
2246,938,Entrenamiento
2247,444,Entrenamiento
2248,1472,Entrenamiento
2249,431,Entrenamiento
2250,940,Entrenamiento
2251,1473,Entrenamiento
2252,942,Entrenamiento
2253,126,Entrenamiento
2254,943,Entrenamiento
2255,944,Prueba
2256,416,Prueba
2257,945,Prueba
2258,946,Entrenamiento
2259,947,Entrenamiento
2260,1474,Entrenamiento
2261,949,Validacion
2262,1475,Entrenamiento
2263,951,Entrenamiento
2264,952,Prueba
2265,1476,Validacion
2266,434,Entrenamiento
2267,954,Entrenamiento
2268,1477,Prueba
2269,458,Entrenamiento
2270,400,Entrenamiento
2271,1478,Entrenamiento
2272,1479,Entrenamiento
2273,959,Entrenamiento
2274,960,Entrenamiento
2275,961,Entrenamiento
2276,251,Validacion
2277,1480,Validacion
2278,960,Entrenamiento
2279,964,Prueba
2280,1476,Validacion
2281,965,Entrenamiento
2282,966,Entrenamiento
2283,967,Entrenamiento
2284,968,Entrenamiento
2285,969,Validacion
2286,970,Entrenamiento
2287,1481,Entrenamiento
2288,1482,Entrenamiento
2289,973,Entrenamiento
2290,1483,Validacion
2291,1416,Entrenamiento
2292,167,Validacion
2293,976,Entrenamiento
2294,977,Prueba
2295,978,Prueba
2296,979,Entrenamiento
2297,980,Entrenamiento
2298,937,Entrenamiento
2299,981,Entrenamiento
2300,982,Entrenamiento
2301,431,Entrenamiento
2302,622,Prueba
2303,983,Entrenamiento
2304,984,Entrenamiento
2305,905,Entrenamiento
2306,826,Entrenamiento
2307,986,Entrenamiento
2308,987,Entrenamiento
2309,1484,Entrenamiento
2310,1485,Validacion
2311,976,Entrenamiento
2312,1486,Entrenamiento
2313,1487,Validacion
2314,992,Entrenamiento
2315,588,Entrenamiento
2316,993,Entrenamiento
2317,937,Entrenamiento
2318,994,Validacion
2319,995,Entrenamiento
2320,1488,Validacion
2321,1489,Entrenamiento
2322,1490,Entrenamiento
2323,1491,Prueba
2324,1492,Entrenamiento
2325,587,Entrenamiento
2326,1493,Entrenamiento
2327,1494,Entrenamiento
2328,1004,Entrenamiento
2329,1495,Entrenamiento
2330,533,Validacion
2331,598,Validacion
2332,1006,Entrenamiento
2333,1007,Entrenamiento
2334,1008,Entrenamiento
2335,1496,Entrenamiento
2336,1009,Entrenamiento
2337,380,Validacion
2338,1010,Prueba
2339,444,Entrenamiento
2340,1012,Entrenamiento
2341,1497,Entrenamiento
2342,1014,Entrenamiento
2343,1498,Prueba
2344,1499,Prueba
2345,1338,Prueba
2346,432,Entrenamiento
2347,1017,Entrenamiento
2348,1018,Prueba
2349,1019,Entrenamiento
2350,1500,Entrenamiento
2351,1501,Validacion
2352,497,Prueba
2353,1022,Prueba
2354,1475,Entrenamiento
2355,1502,Entrenamiento
2356,1025,Validacion
2357,1026,Entrenamiento
2358,1027,Entrenamiento
2359,1028,Entrenamiento
2360,1029,Validacion
2361,1503,Entrenamiento
2362,1031,Entrenamiento
2363,1504,Prueba
2364,1505,Prueba
2365,1034,Validacion
2366,1035,Entrenamiento
2367,1506,Entrenamiento
2368,1037,Entrenamiento
2369,1507,Prueba
2370,689,Entrenamiento
2371,743,Entrenamiento
2372,1040,Entrenamiento
2373,1041,Validacion
2374,1042,Validacion
2375,1043,Entrenamiento
2376,1508,Entrenamiento
2377,196,Validacion
2378,1509,Validacion
2379,1510,Entrenamiento
2380,1511,Entrenamiento
2381,530,Prueba
2382,1235,Validacion
2383,1050,Entrenamiento
2384,1051,Entrenamiento
2385,1052,Validacion
2386,241,Entrenamiento
2387,1053,Entrenamiento
2388,461,Entrenamiento
2389,1054,Entrenamiento
2390,1512,Prueba
2391,1513,Prueba
2392,1040,Entrenamiento
2393,1058,Entrenamiento
2394,1514,Validacion
2395,1515,Entrenamiento
2396,1516,Entrenamiento
2397,433,Entrenamiento
2398,1062,Entrenamiento
2399,1063,Entrenamiento
2400,431,Entrenamiento
2401,217,Validacion
2402,1517,Entrenamiento
2403,1518,Entrenamiento
2404,1066,Entrenamiento
2405,1067,Entrenamiento
2406,1418,Entrenamiento
2407,1069,Entrenamiento
2408,1070,Entrenamiento
2409,1519,Entrenamiento
2410,1072,Entrenamiento
2411,819,Entrenamiento
2412,1520,Validacion
2413,1075,Prueba
2414,1508,Entrenamiento
2415,1052,Validacion
2416,1076,Entrenamiento
2417,1521,Entrenamiento
2418,1078,Entrenamiento
2419,1079,Entrenamiento
2420,182,Entrenamiento
2421,310,Entrenamiento
2422,1522,Entrenamiento
2423,1083,Entrenamiento
2424,942,Entrenamiento
2425,1085,Entrenamiento
2426,1086,Prueba
2427,1087,Prueba
2428,1461,Entrenamiento
2429,1088,Entrenamiento
2430,1089,Entrenamiento
2431,1523,Entrenamiento
2432,1087,Prueba
2433,1524,Entrenamiento
2434,1525,Entrenamiento
2435,1093,Entrenamiento
2436,1094,Validacion
2437,461,Entrenamiento
2438,1095,Validacion
2439,1096,Prueba
2440,105,Entrenamiento
2441,1097,Validacion
2442,1098,Entrenamiento
2443,126,Entrenamiento
2444,1099,Entrenamiento
2445,269,Entrenamiento
2446,1100,Entrenamiento
2447,1101,Prueba
2448,1102,Entrenamiento
2449,1526,Validacion
2450,167,Validacion
2451,93,Prueba
2452,1105,Entrenamiento
2453,1106,Entrenamiento
2454,1527,Entrenamiento
2455,1108,Entrenamiento
2456,1528,Entrenamiento
2457,1529,Entrenamiento
2458,1530,Entrenamiento
2459,1531,Entrenamiento
2460,1532,Entrenamiento
2461,1533,Prueba
2462,1534,Entrenamiento
2463,1535,Entrenamiento
2464,1536,Validacion
2465,1537,Entrenamiento
2466,1538,Entrenamiento
2467,1539,Validacion
2468,1540,Entrenamiento
2469,1541,Entrenamiento
2470,1542,Entrenamiento
2471,1543,Prueba
2472,1544,Prueba
2473,1545,Prueba
2474,752,Entrenamiento
2475,1546,Entrenamiento
2476,813,Entrenamiento
2477,1547,Entrenamiento
2478,625,Validacion
2479,1548,Entrenamiento
2480,1549,Entrenamiento
2481,1550,Validacion
2482,1551,Entrenamiento
2483,701,Entrenamiento
2484,24,Entrenamiento
2485,1552,Entrenamiento
2486,1489,Entrenamiento
2487,111,Entrenamiento
2488,1553,Prueba
2489,1554,Validacion
2490,1555,Entrenamiento
2491,1399,Entrenamiento
2492,1301,Entrenamiento
2493,471,Prueba
2494,1556,Entrenamiento
2495,1557,Validacion
2496,1558,Prueba
2497,1559,Entrenamiento
2498,1560,Entrenamiento
2499,1561,Validacion
2500,1562,Validacion
2501,771,Entrenamiento
2502,1563,Entrenamiento
2503,1564,Prueba
2504,1565,Entrenamiento
2505,1566,Validacion
2506,1567,Entrenamiento
2507,1568,Entrenamiento
2508,632,Entrenamiento
2509,983,Entrenamiento
2510,167,Validacion
2511,1569,Prueba
2512,1570,Entrenamiento
2513,1137,Entrenamiento
2514,1204,Entrenamiento
2515,882,Entrenamiento
2516,122,Prueba
2517,1571,Entrenamiento
2518,1572,Entrenamiento
2519,1573,Entrenamiento
2520,1574,Entrenamiento
2521,1575,Entrenamiento
2522,1576,Entrenamiento
2523,1577,Entrenamiento
2524,1578,Prueba
2525,1579,Entrenamiento
2526,1580,Validacion
2527,1581,Entrenamiento
2528,1582,Entrenamiento
2529,1583,Entrenamiento
2530,1584,Entrenamiento
2531,1585,Entrenamiento
2532,1586,Validacion
2533,1587,Entrenamiento
2534,1588,Entrenamiento
2535,1589,Entrenamiento
2536,1590,Entrenamiento
2537,544,Validacion
2538,834,Entrenamiento
2539,1046,Validacion
2540,283,Validacion
2541,1591,Entrenamiento
2542,1592,Entrenamiento
2543,1593,Validacion
2544,815,Entrenamiento
2545,982,Entrenamiento
2546,1594,Entrenamiento
2547,1595,Validacion
2548,1596,Entrenamiento
2549,295,Validacion
2550,1597,Entrenamiento
2551,1598,Entrenamiento
2552,794,Validacion
2553,1599,Validacion
2554,508,Entrenamiento
2555,1075,Prueba
2556,1269,Entrenamiento
2557,167,Validacion
2558,981,Entrenamiento
2559,1600,Validacion
2560,1601,Entrenamiento
2561,296,Validacion
2562,1602,Entrenamiento
2563,885,Entrenamiento
2564,548,Validacion
2565,751,Validacion
2566,1603,Entrenamiento
2567,1604,Entrenamiento
2568,1409,Entrenamiento
2569,1605,Entrenamiento
2570,1606,Prueba
2571,1147,Entrenamiento
2572,1607,Entrenamiento
2573,1608,Entrenamiento
2574,1510,Entrenamiento
2575,1609,Prueba
2576,1610,Entrenamiento
2577,1611,Validacion
2578,1612,Prueba
2579,1082,Entrenamiento
2580,1613,Entrenamiento
2581,4,Entrenamiento
2582,483,Entrenamiento
2583,1614,Validacion
2584,1615,Prueba
2585,1616,Entrenamiento
2586,1617,Validacion
2587,826,Entrenamiento
2588,756,Validacion
2589,389,Entrenamiento
2590,1618,Validacion
2591,1619,Entrenamiento
2592,292,Validacion
2593,1620,Validacion
2594,1386,Entrenamiento
2595,1621,Entrenamiento
2596,1622,Entrenamiento
2597,1623,Entrenamiento
2598,1624,Entrenamiento
2599,524,Entrenamiento
2600,167,Validacion
2601,1625,Entrenamiento
2602,115,Entrenamiento
2603,1118,Entrenamiento
2604,874,Entrenamiento
2605,431,Entrenamiento
2606,1626,Entrenamiento
2607,1627,Entrenamiento
2608,1628,Entrenamiento
2609,1629,Entrenamiento
2610,1630,Prueba
2611,1631,Entrenamiento
2612,1195,Entrenamiento
2613,372,Entrenamiento
2614,1632,Validacion
2615,773,Entrenamiento
2616,1633,Entrenamiento
2617,1634,Entrenamiento
2618,1635,Entrenamiento
2619,1636,Entrenamiento
2620,1637,Entrenamiento
2621,1638,Entrenamiento
2622,267,Entrenamiento
2623,65,Validacion
2624,399,Entrenamiento
2625,1639,Entrenamiento
2626,167,Validacion
2627,1640,Entrenamiento
2628,1641,Entrenamiento
2629,1256,Entrenamiento
2630,499,Entrenamiento
2631,738,Entrenamiento
2632,345,Entrenamiento
2633,188,Entrenamiento
2634,647,Entrenamiento
2635,102,Validacion
2636,341,Entrenamiento
2637,969,Validacion
2638,1642,Entrenamiento
2639,1380,Entrenamiento
2640,765,Validacion
2641,1643,Validacion
2642,842,Prueba
2643,944,Prueba
2644,1644,Entrenamiento
2645,1645,Entrenamiento
2646,416,Prueba
2647,1461,Entrenamiento
2648,0,Entrenamiento
2649,1646,Entrenamiento
2650,6,Entrenamiento
2651,1647,Validacion
2652,62,Prueba
2653,1487,Validacion
2654,1648,Entrenamiento
2655,1649,Entrenamiento
2656,1650,Prueba
2657,1651,Entrenamiento
2658,1652,Prueba
2659,1653,Entrenamiento
2660,1654,Prueba
2661,217,Validacion
2662,145,Entrenamiento
2663,1655,Entrenamiento
2664,400,Entrenamiento
2665,630,Entrenamiento
2666,167,Validacion
2667,217,Validacion
2668,1656,Entrenamiento
2669,1657,Prueba
2670,1658,Entrenamiento
2671,1659,Entrenamiento
2672,1660,Entrenamiento
2673,476,Entrenamiento
2674,266,Entrenamiento
2675,231,Entrenamiento
2676,1506,Entrenamiento
2677,1661,Entrenamiento
2678,1662,Prueba
2679,1663,Entrenamiento
2680,1664,Entrenamiento
2681,904,Entrenamiento
2682,892,Entrenamiento
2683,579,Entrenamiento
2684,1665,Prueba
2685,373,Prueba
2686,1666,Prueba
2687,1667,Entrenamiento
2688,987,Entrenamiento
2689,1017,Entrenamiento
2690,1668,Entrenamiento
2691,380,Validacion
2692,318,Prueba
2693,1669,Validacion
2694,1670,Prueba
2695,87,Entrenamiento
2696,1671,Entrenamiento
2697,1672,Prueba
2698,1673,Entrenamiento
2699,1674,Entrenamiento
2700,556,Entrenamiento
2701,582,Prueba
2702,1101,Prueba
2703,1368,Entrenamiento
2704,62,Prueba
2705,1338,Prueba
2706,1675,Entrenamiento
2707,8,Validacion
2708,723,Entrenamiento
2709,719,Entrenamiento
2710,1415,Entrenamiento
2711,1676,Entrenamiento
2712,238,Prueba
2713,818,Entrenamiento
2714,1677,Entrenamiento
2715,1078,Entrenamiento
2716,203,Prueba
2717,1375,Entrenamiento
2718,1456,Validacion
2719,1678,Entrenamiento
2720,1679,Entrenamiento
2721,925,Prueba
2722,635,Entrenamiento
2723,1680,Entrenamiento
2724,1681,Entrenamiento
2725,1682,Entrenamiento
2726,1683,Entrenamiento
2727,397,Entrenamiento
2728,1684,Prueba
2729,302,Entrenamiento
2730,1685,Entrenamiento
2731,1296,Entrenamiento
2732,1686,Entrenamiento
2733,400,Entrenamiento
2734,635,Entrenamiento
2735,1687,Entrenamiento
2736,1688,Entrenamiento
2737,801,Entrenamiento
2738,1265,Entrenamiento
2739,1689,Entrenamiento
2740,420,Entrenamiento
2741,821,Entrenamiento
2742,301,Entrenamiento
2743,1690,Entrenamiento
2744,872,Entrenamiento
2745,517,Prueba
2746,1691,Entrenamiento
2747,1692,Entrenamiento
2748,1045,Entrenamiento
2749,1693,Entrenamiento
2750,1694,Validacion
2751,292,Validacion
2752,169,Entrenamiento
2753,822,Entrenamiento
2754,1026,Entrenamiento
2755,1079,Entrenamiento
2756,1263,Prueba
2757,885,Entrenamiento
2758,543,Prueba
2759,1252,Entrenamiento
2760,83,Entrenamiento
2761,1695,Entrenamiento
2762,1696,Entrenamiento
2763,1697,Entrenamiento
2764,905,Entrenamiento
2765,1698,Entrenamiento
2766,1699,Prueba
2767,883,Entrenamiento
2768,1700,Validacion
2769,1701,Entrenamiento
2770,913,Entrenamiento
2771,870,Entrenamiento
2772,1138,Entrenamiento
2773,64,Entrenamiento
2774,1702,Validacion
2775,1703,Validacion
2776,81,Entrenamiento
2777,1704,Entrenamiento
2778,1705,Entrenamiento
2779,1089,Entrenamiento
2780,598,Validacion
2781,313,Entrenamiento
2782,158,Entrenamiento
2783,116,Entrenamiento
2784,1124,Entrenamiento
2785,1706,Entrenamiento
2786,1359,Entrenamiento
2787,194,Entrenamiento
2788,1707,Entrenamiento
2789,1411,Prueba
2790,1708,Entrenamiento
2791,1709,Entrenamiento
2792,1075,Prueba
2793,351,Prueba
2794,656,Entrenamiento
2795,661,Entrenamiento
2796,1710,Entrenamiento
2797,1711,Entrenamiento
2798,944,Prueba
2799,1712,Entrenamiento
2800,736,Prueba
2801,404,Entrenamiento
2802,85,Entrenamiento
2803,1713,Entrenamiento
2804,1714,Entrenamiento
2805,1715,Entrenamiento
2806,1716,Entrenamiento
2807,1717,Prueba
2808,231,Entrenamiento
2809,742,Validacion
2810,548,Validacion
2811,1325,Entrenamiento
2812,714,Entrenamiento
2813,572,Entrenamiento
2814,538,Prueba
2815,1025,Validacion
2816,1718,Prueba
2817,1430,Entrenamiento
2818,1719,Entrenamiento
2819,580,Entrenamiento
2820,440,Entrenamiento
2821,935,Entrenamiento
2822,822,Entrenamiento
2823,29,Validacion
2824,978,Prueba
2825,1720,Prueba
2826,961,Entrenamiento
2827,1721,Validacion
2828,497,Prueba
2829,1393,Prueba
2830,1722,Entrenamiento
2831,188,Entrenamiento
2832,1723,Entrenamiento
2833,1724,Entrenamiento
2834,1725,Entrenamiento
2835,1726,Validacion
2836,1727,Entrenamiento
2837,318,Prueba
2838,908,Entrenamiento
2839,1193,Validacion
2840,868,Entrenamiento
2841,456,Entrenamiento
2842,14,Prueba
2843,1153,Entrenamiento
2844,1157,Prueba
2845,1558,Prueba
2846,285,Entrenamiento
2847,839,Entrenamiento
2848,478,Validacion
2849,1069,Entrenamiento
2850,929,Entrenamiento
2851,884,Entrenamiento
2852,773,Entrenamiento
2853,1728,Prueba
2854,1128,Prueba
2855,1370,Prueba
2856,1086,Prueba
2857,1414,Entrenamiento
2858,1408,Entrenamiento
2859,49,Entrenamiento
2860,1161,Validacion
2861,544,Validacion
2862,1729,Prueba
2863,823,Entrenamiento
2864,1730,Prueba
2865,1731,Entrenamiento
2866,1732,Validacion
2867,206,Entrenamiento
2868,1733,Entrenamiento
2869,84,Validacion
2870,384,Entrenamiento
2871,304,Entrenamiento
2872,564,Prueba
2873,149,Validacion
2874,345,Entrenamiento
2875,1734,Entrenamiento
2876,1735,Entrenamiento
2877,601,Entrenamiento
2878,400,Entrenamiento
2879,487,Entrenamiento
2880,1736,Entrenamiento
2881,1737,Prueba
2882,1738,Entrenamiento
2883,1739,Entrenamiento
2884,1740,Prueba
2885,1741,Prueba
2886,956,Entrenamiento
2887,984,Entrenamiento
2888,307,Entrenamiento
2889,33,Prueba
2890,26,Validacion
2891,89,Entrenamiento
2892,1742,Entrenamiento
2893,1100,Entrenamiento
2894,41,Entrenamiento
2895,387,Validacion
2896,1743,Prueba
2897,685,Entrenamiento
2898,103,Entrenamiento
2899,1290,Entrenamiento
2900,257,Validacion
2901,1442,Entrenamiento
2902,1198,Entrenamiento
2903,271,Entrenamiento
2904,1049,Prueba
2905,1250,Entrenamiento
2906,630,Entrenamiento
2907,1155,Entrenamiento
2908,1744,Prueba
2909,583,Entrenamiento
2910,1209,Validacion
2911,1745,Validacion
2912,1746,Entrenamiento
2913,315,Validacion
2914,1747,Prueba
2915,509,Entrenamiento
2916,440,Entrenamiento
2917,978,Prueba
2918,1748,Entrenamiento
2919,70,Prueba
2920,172,Entrenamiento
2921,1749,Entrenamiento
2922,662,Entrenamiento
2923,429,Prueba
2924,180,Entrenamiento
2925,599,Validacion
2926,1750,Entrenamiento
2927,400,Entrenamiento
2928,94,Entrenamiento
2929,1751,Entrenamiento
2930,1050,Entrenamiento
2931,46,Entrenamiento
2932,375,Entrenamiento
2933,1752,Entrenamiento
2934,893,Prueba
2935,1753,Entrenamiento
2936,1078,Entrenamiento
2937,533,Validacion
2938,205,Entrenamiento
2939,747,Validacion
2940,1754,Entrenamiento
2941,836,Entrenamiento
2942,131,Entrenamiento
2943,1395,Entrenamiento
2944,1755,Prueba
2945,713,Entrenamiento
2946,251,Validacion
2947,398,Entrenamiento
2948,1756,Validacion
2949,1101,Prueba
2950,692,Entrenamiento
2951,426,Validacion
2952,1401,Entrenamiento
2953,158,Entrenamiento
2954,1139,Entrenamiento
2955,784,Entrenamiento
2956,365,Entrenamiento
2957,722,Entrenamiento
2958,471,Prueba
2959,542,Entrenamiento
2960,1757,Entrenamiento
2961,422,Prueba
2962,255,Entrenamiento
2963,734,Validacion
2964,870,Entrenamiento
2965,1758,Entrenamiento
2966,1112,Entrenamiento
2967,456,Entrenamiento
2968,800,Validacion
2969,1759,Entrenamiento
2970,983,Entrenamiento
2971,1760,Prueba
2972,616,Entrenamiento
2973,1761,Entrenamiento
2974,399,Entrenamiento
2975,1493,Entrenamiento
2976,680,Entrenamiento
2977,698,Entrenamiento
2978,1465,Entrenamiento
2979,1210,Validacion
2980,603,Entrenamiento
2981,1133,Entrenamiento
2982,431,Entrenamiento
2983,1010,Prueba
2984,743,Entrenamiento
2985,1335,Validacion
2986,1762,Entrenamiento
2987,92,Entrenamiento
2988,19,Prueba
2989,927,Prueba
2990,1763,Entrenamiento
2991,103,Entrenamiento
2992,971,Entrenamiento
2993,1058,Entrenamiento
2994,850,Entrenamiento
2995,241,Entrenamiento
2996,234,Entrenamiento
2997,52,Entrenamiento
2998,1764,Entrenamiento
2999,1363,Entrenamiento
3000,282,Entrenamiento
3001,128,Entrenamiento
3002,1083,Entrenamiento
3003,932,Prueba
3004,1372,Entrenamiento
3005,1765,Prueba
3006,184,Validacion
3007,1766,Entrenamiento
3008,605,Prueba
3009,1336,Entrenamiento
3010,627,Entrenamiento
3011,696,Validacion
3012,1021,Entrenamiento
3013,232,Entrenamiento
3014,836,Entrenamiento
3015,832,Entrenamiento
3016,1055,Prueba
3017,668,Prueba
3018,528,Entrenamiento
3019,739,Entrenamiento
3020,1412,Validacion
3021,548,Validacion
3022,444,Entrenamiento
3023,1432,Prueba
3024,1767,Entrenamiento
3025,1050,Entrenamiento
3026,964,Prueba
3027,287,Prueba
3028,1643,Validacion
3029,485,Prueba
3030,947,Entrenamiento
3031,1278,Entrenamiento
3032,661,Entrenamiento
3033,734,Validacion
3034,1342,Entrenamiento
3035,260,Entrenamiento
3036,530,Prueba
3037,614,Entrenamiento
3038,43,Prueba
3039,968,Entrenamiento
3040,1065,Entrenamiento
3041,649,Entrenamiento
3042,1768,Entrenamiento
3043,1477,Prueba
3044,790,Entrenamiento
3045,377,Entrenamiento
3046,370,Entrenamiento
3047,342,Entrenamiento
3048,1769,Validacion
3049,766,Entrenamiento
3050,857,Prueba
3051,854,Entrenamiento
3052,402,Entrenamiento
3053,746,Validacion
3054,1770,Validacion
3055,1771,Entrenamiento
3056,211,Entrenamiento
3057,1772,Entrenamiento
3058,948,Entrenamiento
3059,779,Entrenamiento
3060,1306,Entrenamiento
3061,1522,Entrenamiento
3062,740,Entrenamiento
3063,58,Entrenamiento
3064,3,Entrenamiento
3065,1091,Entrenamiento
3066,1447,Entrenamiento
3067,1365,Entrenamiento
3068,672,Entrenamiento
3069,340,Entrenamiento
3070,817,Entrenamiento
3071,696,Validacion
3072,490,Entrenamiento
3073,1426,Prueba
3074,1773,Validacion
3075,1774,Entrenamiento
3076,1775,Entrenamiento
3077,1776,Entrenamiento
3078,40,Entrenamiento
3079,1777,Validacion
3080,949,Validacion
3081,1778,Entrenamiento
3082,671,Entrenamiento
3083,519,Entrenamiento
3084,917,Entrenamiento
3085,444,Entrenamiento
3086,928,Entrenamiento
3087,204,Entrenamiento
3088,252,Validacion
3089,1371,Prueba
3090,523,Entrenamiento
3091,236,Entrenamiento
3092,623,Entrenamiento
3093,289,Entrenamiento
3094,160,Entrenamiento
3095,137,Entrenamiento
3096,615,Entrenamiento
3097,1029,Validacion
3098,257,Validacion
3099,1038,Validacion
3100,529,Entrenamiento
3101,32,Entrenamiento
3102,884,Entrenamiento
3103,1779,Prueba
3104,497,Prueba
3105,319,Validacion
3106,597,Entrenamiento
3107,609,Entrenamiento
3108,290,Prueba
3109,569,Entrenamiento
3110,1780,Prueba
3111,683,Prueba
3112,1781,Entrenamiento
3113,200,Entrenamiento
3114,1781,Entrenamiento
3115,650,Entrenamiento
3116,1782,Validacion
3117,0,Entrenamiento
3118,1084,Prueba
3119,239,Prueba
3120,727,Entrenamiento
3121,693,Validacion
3122,54,Entrenamiento
3123,1783,Entrenamiento
3124,909,Entrenamiento
3125,702,Entrenamiento
3126,1251,Entrenamiento
3127,938,Entrenamiento
3128,1098,Entrenamiento
3129,1352,Entrenamiento
3130,344,Entrenamiento
3131,317,Entrenamiento
3132,1784,Entrenamiento
3133,380,Validacion
3134,1507,Prueba
3135,580,Entrenamiento
3136,1785,Entrenamiento
3137,1786,Validacion
3138,1120,Entrenamiento
3139,602,Validacion
3140,1787,Entrenamiento
3141,1484,Entrenamiento
3142,1283,Entrenamiento
3143,153,Entrenamiento
3144,166,Entrenamiento
3145,583,Entrenamiento
3146,59,Entrenamiento
3147,69,Validacion
3148,1788,Prueba
3149,1789,Prueba
3150,756,Validacion
3151,614,Entrenamiento
3152,751,Validacion
3153,519,Entrenamiento
3154,464,Entrenamiento
3155,154,Entrenamiento
3156,303,Entrenamiento
3157,1094,Validacion
3158,819,Entrenamiento
3159,841,Prueba
3160,443,Validacion
3161,211,Entrenamiento
3162,377,Entrenamiento
3163,930,Entrenamiento
3164,855,Entrenamiento
3165,208,Validacion
3166,776,Validacion
3167,126,Entrenamiento
3168,809,Prueba
3169,400,Entrenamiento
3170,359,Entrenamiento
3171,175,Prueba
3172,126,Entrenamiento
3173,1384,Entrenamiento
3174,1215,Validacion
3175,674,Entrenamiento
3176,1115,Prueba
3177,1401,Entrenamiento
3178,772,Entrenamiento
3179,618,Entrenamiento
3180,391,Entrenamiento
3181,34,Entrenamiento
3182,1483,Validacion
3183,1334,Prueba
3184,1790,Entrenamiento
3185,1791,Entrenamiento
3186,1792,Entrenamiento
3187,841,Prueba
3188,56,Entrenamiento
3189,82,Entrenamiento
3190,1160,Entrenamiento
3191,1793,Entrenamiento
3192,124,Validacion
3193,1794,Entrenamiento
3194,1795,Entrenamiento
3195,615,Entrenamiento
3196,1338,Prueba
3197,1248,Entrenamiento
3198,588,Entrenamiento
3199,472,Prueba
3200,344,Entrenamiento
3201,875,Entrenamiento
3202,1005,Entrenamiento
3203,547,Entrenamiento
3204,690,Validacion
3205,58,Entrenamiento
3206,400,Entrenamiento
3207,1273,Entrenamiento
3208,251,Validacion
3209,164,Entrenamiento
3210,166,Entrenamiento
3211,1796,Entrenamiento
3212,942,Entrenamiento
3213,425,Validacion
3214,752,Entrenamiento
3215,197,Entrenamiento
3216,1479,Entrenamiento
3217,663,Entrenamiento
3218,341,Entrenamiento
3219,383,Entrenamiento
3220,385,Entrenamiento
3221,743,Entrenamiento
3222,772,Entrenamiento
3223,1797,Entrenamiento
3224,1798,Entrenamiento
3225,45,Validacion
3226,1515,Entrenamiento
3227,957,Validacion
3228,1799,Entrenamiento
3229,579,Entrenamiento
3230,203,Prueba
3231,683,Prueba
3232,1037,Entrenamiento
3233,467,Entrenamiento
3234,253,Entrenamiento
3235,1800,Entrenamiento
3236,981,Entrenamiento
3237,1801,Entrenamiento
3238,1113,Entrenamiento
3239,143,Entrenamiento
3240,992,Entrenamiento
3241,805,Prueba
3242,629,Entrenamiento
3243,1802,Entrenamiento
3244,1275,Entrenamiento
3245,1259,Entrenamiento
3246,1803,Validacion
3247,272,Validacion
3248,352,Entrenamiento
3249,161,Entrenamiento
3250,1231,Validacion
3251,811,Prueba
3252,510,Entrenamiento
3253,1333,Entrenamiento
3254,1802,Entrenamiento
3255,905,Entrenamiento
3256,391,Entrenamiento
3257,1285,Entrenamiento
3258,911,Validacion
3259,205,Entrenamiento
3260,1063,Entrenamiento
3261,1441,Entrenamiento
3262,1012,Entrenamiento
3263,869,Entrenamiento
3264,1804,Entrenamiento
3265,1024,Entrenamiento
3266,1805,Entrenamiento
3267,244,Entrenamiento
3268,1220,Validacion
3269,147,Entrenamiento
3270,343,Entrenamiento
3271,1207,Entrenamiento
3272,891,Entrenamiento
3273,339,Validacion
3274,1159,Entrenamiento
3275,501,Prueba
3276,622,Prueba
3277,101,Validacion
3278,735,Entrenamiento
3279,741,Entrenamiento
3280,496,Entrenamiento
3281,292,Validacion
3282,1054,Entrenamiento
3283,1014,Entrenamiento
3284,1374,Validacion
3285,949,Validacion
3286,1806,Entrenamiento
3287,1508,Entrenamiento
3288,134,Validacion
3289,297,Prueba
3290,508,Entrenamiento
3291,25,Entrenamiento
3292,484,Entrenamiento
3293,249,Entrenamiento
3294,753,Entrenamiento
3295,643,Entrenamiento
3296,994,Validacion
3297,832,Entrenamiento
3298,936,Entrenamiento
3299,937,Entrenamiento
3300,1807,Prueba
3301,30,Validacion
3302,1087,Prueba
3303,27,Entrenamiento
3304,1808,Entrenamiento
3305,1099,Entrenamiento
3306,896,Prueba
3307,321,Entrenamiento
3308,1809,Entrenamiento
3309,883,Entrenamiento
3310,210,Validacion
3311,1810,Entrenamiento
3312,670,Prueba
3313,453,Prueba
3314,462,Entrenamiento
3315,444,Entrenamiento
3316,528,Entrenamiento
3317,1423,Entrenamiento
3318,651,Entrenamiento
3319,1382,Entrenamiento
3320,1037,Entrenamiento
3321,1083,Entrenamiento
3322,157,Prueba
3323,113,Entrenamiento
3324,1272,Prueba
3325,792,Entrenamiento
3326,603,Entrenamiento
3327,67,Entrenamiento
3328,294,Entrenamiento
3329,816,Entrenamiento
3330,331,Entrenamiento
3331,358,Entrenamiento
3332,434,Entrenamiento
3333,537,Entrenamiento
3334,688,Entrenamiento
3335,1189,Validacion
3336,732,Entrenamiento
3337,1476,Validacion
3338,247,Validacion
3339,650,Entrenamiento
3340,167,Validacion
3341,181,Validacion
3342,620,Prueba
3343,1337,Entrenamiento
3344,370,Entrenamiento
3345,280,Entrenamiento
3346,380,Validacion
3347,411,Prueba
3348,1052,Validacion
3349,1072,Entrenamiento
3350,254,Validacion
3351,37,Validacion
3352,1008,Entrenamiento
3353,619,Entrenamiento
3354,214,Prueba
3355,1201,Entrenamiento
3356,916,Entrenamiento
3357,843,Entrenamiento
3358,229,Validacion
3359,993,Entrenamiento
3360,351,Prueba
3361,148,Entrenamiento
3362,1196,Entrenamiento
3363,48,Entrenamiento
3364,646,Entrenamiento
3365,542,Entrenamiento
3366,848,Prueba
3367,754,Entrenamiento
3368,537,Entrenamiento
3369,964,Prueba
3370,953,Entrenamiento
3371,572,Entrenamiento
3372,1723,Entrenamiento
3373,1811,Entrenamiento
3374,95,Prueba
3375,23,Prueba
3376,330,Entrenamiento
3377,918,Entrenamiento
3378,1379,Prueba
3379,730,Prueba
3380,509,Entrenamiento
3381,657,Validacion
3382,543,Prueba
3383,283,Validacion
3384,717,Entrenamiento
3385,1087,Prueba
3386,922,Entrenamiento
3387,647,Entrenamiento
3388,466,Entrenamiento
3389,1466,Entrenamiento
3390,892,Entrenamiento
3391,412,Entrenamiento
3392,1524,Entrenamiento
3393,312,Entrenamiento
3394,75,Validacion
3395,1265,Entrenamiento
3396,126,Entrenamiento
3397,611,Prueba
3398,506,Prueba
3399,1009,Entrenamiento
3400,1450,Entrenamiento
3401,1812,Entrenamiento
3402,99,Validacion
3403,1460,Entrenamiento
3404,174,Entrenamiento
3405,986,Entrenamiento
3406,1494,Entrenamiento
3407,1181,Prueba
3408,220,Entrenamiento
3409,172,Entrenamiento
3410,474,Entrenamiento
3411,1813,Validacion
3412,570,Entrenamiento
3413,152,Entrenamiento
3414,1216,Entrenamiento
3415,699,Entrenamiento
3416,535,Entrenamiento
3417,336,Validacion
3418,18,Entrenamiento
3419,676,Validacion
3420,889,Prueba
3421,178,Entrenamiento
3422,1445,Entrenamiento
3423,458,Entrenamiento
3424,189,Entrenamiento
3425,1814,Entrenamiento
3426,378,Prueba
3427,1815,Entrenamiento
3428,79,Validacion
3429,193,Entrenamiento
3430,16,Entrenamiento
3431,437,Validacion
3432,444,Entrenamiento
3433,1027,Entrenamiento
3434,831,Prueba
3435,600,Entrenamiento
3436,940,Entrenamiento
3437,325,Prueba
3438,15,Prueba
3439,382,Entrenamiento
3440,824,Entrenamiento
3441,127,Entrenamiento
3442,1356,Entrenamiento
3443,444,Entrenamiento
3444,673,Entrenamiento
3445,355,Entrenamiento
3446,391,Entrenamiento
3447,192,Prueba
3448,418,Validacion
3449,1014,Entrenamiento
3450,1504,Prueba
3451,263,Validacion
3452,753,Entrenamiento
3453,1495,Entrenamiento
3454,139,Prueba
3455,376,Validacion
3456,1084,Prueba
3457,829,Validacion
3458,937,Entrenamiento
3459,1219,Validacion
3460,1816,Entrenamiento
3461,951,Entrenamiento
3462,1817,Prueba
3463,1818,Prueba
3464,722,Entrenamiento
3465,1108,Entrenamiento
3466,1819,Entrenamiento
3467,1045,Entrenamiento
3468,937,Entrenamiento
3469,250,Entrenamiento
3470,1175,Validacion
3471,1095,Validacion
3472,1261,Prueba
3473,1235,Validacion
3474,274,Prueba
3475,621,Validacion
3476,607,Prueba
3477,703,Entrenamiento
3478,696,Validacion
3479,88,Prueba
3480,13,Entrenamiento
3481,837,Validacion
3482,684,Entrenamiento
3483,559,Entrenamiento
3484,1820,Validacion
3485,1731,Entrenamiento
3486,418,Validacion
3487,326,Entrenamiento
3488,451,Prueba
3489,306,Entrenamiento
3490,599,Validacion
3491,1186,Prueba
3492,1821,Entrenamiento
3493,817,Entrenamiento
3494,1822,Prueba
3495,1322,Prueba
3496,1823,Entrenamiento
3497,126,Entrenamiento
3498,253,Entrenamiento
3499,64,Entrenamiento
3500,1824,Entrenamiento
3501,775,Entrenamiento
3502,965,Entrenamiento
3503,1825,Entrenamiento
3504,1173,Prueba
3505,1224,Validacion
3506,399,Entrenamiento
3507,524,Entrenamiento
3508,568,Prueba
3509,959,Entrenamiento
3510,549,Prueba
3511,594,Prueba
3512,1110,Entrenamiento
3513,1343,Entrenamiento
3514,140,Entrenamiento
3515,681,Validacion
3516,235,Entrenamiento
3517,1826,Entrenamiento
3518,111,Entrenamiento
3519,31,Entrenamiento
3520,397,Entrenamiento
3521,612,Entrenamiento
3522,885,Entrenamiento
3523,144,Prueba
3524,780,Entrenamiento
3525,104,Entrenamiento
3526,1308,Entrenamiento
3527,905,Entrenamiento
3528,1249,Entrenamiento
3529,178,Entrenamiento
3530,1827,Entrenamiento
3531,959,Entrenamiento
3532,1828,Entrenamiento
3533,162,Entrenamiento
3534,868,Entrenamiento
3535,441,Entrenamiento
3536,853,Entrenamiento
3537,686,Entrenamiento
3538,1829,Entrenamiento
3539,1392,Validacion
3540,117,Entrenamiento
3541,411,Prueba
3542,867,Entrenamiento
3543,683,Prueba
3544,1830,Entrenamiento
3545,1009,Entrenamiento
3546,1066,Entrenamiento
3547,348,Entrenamiento
3548,1831,Prueba
3549,141,Entrenamiento
3550,933,Entrenamiento
3551,1422,Entrenamiento
3552,1485,Validacion
3553,1832,Validacion
3554,1303,Entrenamiento
3555,609,Entrenamiento
3556,644,Prueba
3557,1312,Entrenamiento
3558,771,Entrenamiento
3559,333,Validacion
3560,1086,Prueba
3561,1833,Entrenamiento
3562,6,Entrenamiento
3563,1478,Entrenamiento
3564,492,Entrenamiento
3565,696,Validacion
3566,498,Validacion
3567,973,Entrenamiento
3568,1431,Entrenamiento
3569,462,Entrenamiento
3570,286,Prueba
3571,251,Validacion
3572,253,Entrenamiento
3573,310,Entrenamiento
3574,366,Prueba
3575,588,Entrenamiento
3576,810,Validacion
3577,969,Validacion
3578,833,Prueba
3579,25,Entrenamiento
3580,1011,Entrenamiento
3581,663,Entrenamiento
3582,1029,Validacion
3583,970,Entrenamiento
3584,60,Entrenamiento
3585,1299,Entrenamiento
3586,1834,Entrenamiento
3587,431,Entrenamiento
3588,1835,Prueba
3589,793,Entrenamiento
3590,663,Entrenamiento
3591,271,Entrenamiento
3592,413,Entrenamiento
3593,114,Entrenamiento
3594,470,Entrenamiento
3595,656,Entrenamiento
3596,1836,Entrenamiento
3597,150,Validacion
3598,1837,Prueba
3599,729,Entrenamiento
3600,219,Prueba
3601,204,Entrenamiento
3602,943,Entrenamiento
3603,518,Prueba
3604,816,Entrenamiento
3605,1309,Entrenamiento
3606,1838,Entrenamiento
3607,283,Validacion
3608,153,Entrenamiento
3609,847,Entrenamiento
3610,217,Validacion
3611,1346,Entrenamiento
3612,414,Prueba
3613,217,Validacion
3614,430,Entrenamiento
3615,237,Entrenamiento
3616,1420,Validacion
3617,615,Entrenamiento
3618,1501,Validacion
3619,431,Entrenamiento
3620,369,Entrenamiento
3621,1378,Entrenamiento
3622,1839,Prueba
3623,380,Validacion
3624,694,Entrenamiento
3625,940,Entrenamiento
3626,1141,Entrenamiento
3627,396,Entrenamiento
3628,119,Entrenamiento
3629,1094,Validacion
3630,1033,Prueba
3631,865,Prueba
3632,1458,Entrenamiento
3633,1470,Entrenamiento
3634,1383,Validacion
3635,917,Entrenamiento
3636,636,Entrenamiento
3637,1135,Entrenamiento
3638,1105,Entrenamiento
3639,257,Validacion
3640,283,Validacion
3641,199,Prueba
3642,308,Prueba
3643,1188,Validacion
3644,1043,Entrenamiento
3645,538,Prueba
3646,1840,Prueba
3647,1841,Entrenamiento
3648,718,Prueba
3649,1842,Entrenamiento
3650,707,Entrenamiento
3651,156,Validacion
3652,1092,Entrenamiento
3653,1068,Validacion
3654,1197,Validacion
3655,863,Entrenamiento
3656,1022,Prueba
3657,1239,Entrenamiento
3658,979,Entrenamiento
3659,493,Entrenamiento
3660,586,Validacion
3661,1198,Entrenamiento
3662,962,Entrenamiento
3663,17,Validacion
3664,71,Prueba
3665,814,Entrenamiento
3666,1089,Entrenamiento
3667,461,Entrenamiento
3668,511,Prueba
3669,451,Prueba
3670,31,Entrenamiento
3671,416,Prueba
3672,324,Validacion
3673,523,Entrenamiento
3674,385,Entrenamiento
3675,696,Validacion
3676,622,Prueba
3677,228,Validacion
3678,1347,Entrenamiento
3679,1148,Entrenamiento
3680,450,Prueba
3681,880,Entrenamiento
3682,93,Prueba
3683,1843,Entrenamiento
3684,449,Entrenamiento
3685,1844,Prueba
3686,406,Entrenamiento
3687,275,Entrenamiento
3688,336,Validacion
3689,147,Entrenamiento
3690,937,Entrenamiento
3691,466,Entrenamiento
3692,1179,Entrenamiento
3693,576,Prueba
3694,697,Entrenamiento
3695,1328,Prueba
3696,251,Validacion
3697,239,Prueba
3698,466,Entrenamiento
3699,1302,Validacion
3700,1213,Entrenamiento
3701,261,Entrenamiento
3702,655,Prueba
3703,275,Entrenamiento
3704,1845,Entrenamiento
3705,540,Entrenamiento
3706,454,Entrenamiento
3707,731,Prueba
3708,1417,Entrenamiento
3709,1353,Entrenamiento
3710,54,Entrenamiento
3711,846,Entrenamiento
3712,47,Prueba
3713,1319,Prueba
3714,1102,Entrenamiento
3715,1297,Prueba
3716,498,Validacion
3717,530,Prueba
3718,1054,Entrenamiento
3719,902,Entrenamiento
3720,45,Validacion
3721,325,Prueba
3722,987,Entrenamiento
3723,1396,Entrenamiento
3724,163,Entrenamiento
3725,591,Entrenamiento
3726,911,Validacion
3727,535,Entrenamiento
3728,306,Entrenamiento
3729,812,Validacion
3730,431,Entrenamiento
3731,334,Prueba
3732,1117,Validacion
3733,247,Validacion
3734,336,Validacion
3735,74,Entrenamiento
3736,574,Entrenamiento
3737,875,Entrenamiento
3738,84,Validacion
3739,191,Entrenamiento
3740,2,Entrenamiento
3741,144,Prueba
3742,300,Entrenamiento
3743,1228,Entrenamiento
3744,683,Prueba
3745,749,Entrenamiento
3746,169,Entrenamiento
3747,977,Prueba
3748,178,Entrenamiento
3749,361,Entrenamiento
3750,716,Entrenamiento
3751,938,Entrenamiento
3752,305,Entrenamiento
3753,227,Prueba
3754,85,Entrenamiento
3755,1069,Entrenamiento
3756,330,Entrenamiento
3757,335,Entrenamiento
3758,844,Entrenamiento
3759,778,Entrenamiento
3760,1182,Entrenamiento
3761,1503,Entrenamiento
3762,1492,Entrenamiento
3763,1304,Entrenamiento
3764,452,Validacion
3765,716,Entrenamiento
3766,323,Entrenamiento
3767,473,Validacion
3768,504,Entrenamiento
3769,366,Prueba
3770,750,Entrenamiento
3771,858,Entrenamiento
3772,589,Validacion
3773,1513,Prueba
3774,1366,Entrenamiento
3775,151,Prueba
3776,61,Validacion
3777,391,Entrenamiento
3778,1053,Entrenamiento
3779,851,Entrenamiento
3780,1316,Entrenamiento
3781,96,Validacion
3782,102,Validacion
3783,918,Entrenamiento
3784,808,Prueba
3785,774,Entrenamiento
3786,1416,Entrenamiento
3787,759,Prueba
3788,1108,Entrenamiento
3789,577,Validacion
3790,496,Entrenamiento
3791,320,Entrenamiento
3792,252,Validacion
3793,1099,Entrenamiento
3794,461,Entrenamiento
3795,434,Entrenamiento
3796,210,Validacion
3797,499,Entrenamiento
3798,636,Entrenamiento
3799,1518,Entrenamiento
3800,500,Entrenamiento
3801,1180,Entrenamiento
3802,1076,Entrenamiento
3803,1328,Prueba
3804,608,Entrenamiento
3805,921,Entrenamiento
3806,258,Entrenamiento
3807,548,Validacion
3808,355,Entrenamiento
3809,1253,Validacion
3810,607,Prueba
3811,189,Entrenamiento
3812,1233,Entrenamiento
3813,1130,Entrenamiento
3814,550,Entrenamiento
3815,307,Entrenamiento
3816,357,Entrenamiento
3817,842,Prueba
3818,277,Entrenamiento
3819,852,Entrenamiento
3820,25,Entrenamiento
3821,294,Entrenamiento
3822,1150,Entrenamiento
3823,1385,Entrenamiento
3824,229,Validacion
3825,185,Prueba
3826,820,Entrenamiento
3827,1096,Prueba
3828,986,Entrenamiento
3829,1066,Entrenamiento
3830,715,Entrenamiento
3831,467,Entrenamiento
3832,782,Entrenamiento
3833,915,Validacion
3834,1373,Entrenamiento
3835,1391,Entrenamiento
3836,1090,Prueba
3837,190,Entrenamiento
3838,1357,Entrenamiento
3839,1241,Entrenamiento
3840,1004,Entrenamiento
3841,198,Entrenamiento
3842,664,Entrenamiento
3843,1217,Entrenamiento
3844,530,Prueba
3845,57,Entrenamiento
3846,195,Prueba
3847,689,Entrenamiento
3848,251,Validacion
3849,448,Entrenamiento
3850,845,Entrenamiento
3851,447,Validacion
3852,1846,Entrenamiento
3853,126,Entrenamiento
3854,707,Entrenamiento
3855,1006,Entrenamiento
3856,357,Entrenamiento
3857,136,Entrenamiento
3858,840,Entrenamiento
3859,559,Entrenamiento
3860,369,Entrenamiento
3861,444,Entrenamiento
3862,935,Entrenamiento
3863,356,Entrenamiento
3864,272,Validacion
3865,793,Entrenamiento
3866,259,Validacion
3867,1095,Validacion
3868,75,Validacion
3869,764,Prueba
3870,66,Entrenamiento
3871,993,Entrenamiento
3872,124,Validacion
3873,974,Entrenamiento
3874,1042,Validacion
3875,667,Entrenamiento
3876,865,Prueba
3877,431,Entrenamiento
3878,1244,Prueba
3879,396,Entrenamiento
3880,1351,Prueba
3881,634,Entrenamiento
3882,1512,Prueba
3883,155,Entrenamiento
3884,108,Entrenamiento
3885,812,Validacion
3886,1307,Entrenamiento
3887,347,Entrenamiento
3888,1406,Validacion
3889,1067,Entrenamiento
3890,741,Entrenamiento
3891,626,Validacion
3892,752,Entrenamiento
3893,1274,Entrenamiento
3894,754,Entrenamiento
3895,384,Entrenamiento
3896,571,Entrenamiento
3897,503,Entrenamiento
3898,862,Entrenamiento
3899,651,Entrenamiento
3900,804,Entrenamiento
3901,1052,Validacion
3902,250,Entrenamiento
3903,161,Entrenamiento
3904,379,Entrenamiento
3905,946,Entrenamiento
3906,980,Entrenamiento
3907,227,Prueba
3908,434,Entrenamiento
3909,787,Prueba
3910,598,Validacion
3911,1088,Entrenamiento
3912,708,Entrenamiento
3913,228,Validacion
3914,431,Entrenamiento
3915,463,Validacion
3916,269,Entrenamiento
3917,1026,Entrenamiento
3918,608,Entrenamiento
3919,850,Entrenamiento
3920,485,Prueba
3921,133,Entrenamiento
3922,880,Entrenamiento
3923,557,Entrenamiento
3924,106,Validacion
3925,677,Validacion
3926,400,Entrenamiento
3927,552,Entrenamiento
3928,1039,Validacion
3929,1461,Entrenamiento
3930,371,Prueba
3931,784,Entrenamiento
3932,276,Entrenamiento
3933,216,Entrenamiento
3934,140,Entrenamiento
3935,923,Entrenamiento
3936,327,Entrenamiento
3937,15,Prueba
3938,1491,Prueba
3939,921,Entrenamiento
3940,381,Validacion
3941,526,Entrenamiento
3942,146,Entrenamiento
3943,1267,Entrenamiento
3944,1452,Entrenamiento
3945,1013,Entrenamiento
3946,693,Validacion
3947,579,Entrenamiento
3948,338,Entrenamiento
3949,257,Validacion
3950,1177,Entrenamiento
3951,521,Entrenamiento
3952,1255,Validacion
3953,1526,Validacion
3954,527,Validacion
3955,1480,Validacion
3956,39,Entrenamiento
3957,758,Entrenamiento
3958,1140,Entrenamiento
3959,282,Entrenamiento
3960,1286,Entrenamiento
3961,617,Entrenamiento
3962,1298,Entrenamiento
3963,577,Validacion
3964,736,Prueba
3965,575,Entrenamiento
3966,93,Prueba
3967,394,Entrenamiento
3968,514,Entrenamiento
3969,835,Entrenamiento
3970,512,Entrenamiento
3971,395,Entrenamiento
3972,1214,Entrenamiento
3973,532,Entrenamiento
3974,1433,Validacion
3975,666,Entrenamiento
3976,86,Entrenamiento
3977,588,Entrenamiento
3978,525,Entrenamiento
3979,1016,Entrenamiento
3980,1318,Entrenamiento
3981,261,Entrenamiento
3982,924,Entrenamiento
3983,828,Validacion
3984,184,Validacion
3985,1028,Entrenamiento
3986,752,Entrenamiento
3987,1282,Entrenamiento
3988,1047,Prueba
3989,726,Entrenamiento
3990,706,Entrenamiento
3991,688,Entrenamiento
3992,744,Prueba
3993,345,Entrenamiento
3994,1364,Entrenamiento
3995,888,Entrenamiento
3996,481,Entrenamiento
3997,1847,Entrenamiento
3998,1443,Entrenamiento
3999,779,Entrenamiento
4000,520,Entrenamiento
4001,1457,Entrenamiento
4002,573,Entrenamiento
4003,400,Entrenamiento
4004,401,Prueba
4005,1848,Entrenamiento
4006,274,Prueba
4007,222,Entrenamiento
4008,1849,Validacion
4009,1044,Prueba
4010,156,Validacion
4011,1291,Entrenamiento
4012,93,Prueba
4013,497,Prueba
4014,1435,Entrenamiento
4015,1329,Entrenamiento
4016,497,Prueba
4017,439,Validacion
4018,126,Entrenamiento
4019,239,Prueba
4020,264,Entrenamiento
4021,1850,Entrenamiento
4022,1100,Entrenamiento
4023,977,Prueba
4024,42,Entrenamiento
4025,1397,Validacion
4026,640,Entrenamiento
4027,263,Validacion
4028,633,Prueba
4029,920,Entrenamiento
4030,77,Entrenamiento
4031,176,Entrenamiento
4032,1131,Entrenamiento
4033,627,Entrenamiento
4034,554,Entrenamiento
4035,733,Validacion
4036,356,Entrenamiento
4037,1222,Prueba
4038,1284,Entrenamiento
4039,1178,Entrenamiento
4040,4,Entrenamiento
4041,654,Validacion
4042,1381,Entrenamiento
4043,427,Entrenamiento
4044,21,Entrenamiento
4045,595,Entrenamiento
4046,1413,Entrenamiento
4047,29,Validacion
4048,1277,Entrenamiento
4049,1056,Validacion
4050,912,Entrenamiento
4051,253,Entrenamiento
4052,282,Entrenamiento
4053,473,Validacion
4054,482,Entrenamiento
4055,311,Entrenamiento
4056,861,Entrenamiento
4057,890,Entrenamiento
4058,1169,Entrenamiento
4059,112,Entrenamiento
4060,248,Prueba
4061,336,Validacion
4062,422,Prueba
4063,378,Prueba
4064,1103,Prueba
4065,575,Entrenamiento
4066,551,Entrenamiento
4067,844,Entrenamiento
4068,266,Entrenamiento
4069,895,Entrenamiento
4070,1428,Entrenamiento
4071,333,Validacion
4072,713,Entrenamiento
4073,1085,Entrenamiento
4074,1052,Validacion
4075,646,Entrenamiento
4076,1172,Prueba
4077,709,Entrenamiento
4078,1361,Validacion
4079,457,Validacion
4080,177,Validacion
4081,409,Entrenamiento
4082,450,Prueba
4083,1521,Entrenamiento
4084,1044,Prueba
4085,894,Entrenamiento
4086,240,Prueba
4087,142,Validacion
4088,159,Entrenamiento
4089,213,Entrenamiento
4090,1321,Prueba
4091,416,Prueba
4092,1168,Prueba
4093,1106,Entrenamiento
4094,1237,Entrenamiento
4095,134,Validacion
4096,553,Validacion
4097,293,Validacion
4098,505,Prueba
4099,539,Entrenamiento
4100,1421,Validacion
4101,1154,Entrenamiento
4102,1340,Entrenamiento
4103,906,Entrenamiento
4104,707,Entrenamiento
4105,757,Prueba
4106,1289,Entrenamiento
4107,440,Entrenamiento
4108,327,Entrenamiento
4109,417,Entrenamiento
4110,1007,Entrenamiento
4111,639,Entrenamiento
4112,1163,Prueba
4113,781,Entrenamiento
4114,979,Entrenamiento
4115,1185,Entrenamiento
4116,1293,Validacion
4117,1057,Prueba
4118,125,Entrenamiento
4119,677,Validacion
4120,10,Entrenamiento
4121,955,Entrenamiento
4122,136,Entrenamiento
4123,458,Entrenamiento
4124,620,Prueba
4125,963,Entrenamiento
4126,952,Prueba
4127,972,Entrenamiento
4128,899,Entrenamiento
4129,432,Entrenamiento
4130,314,Entrenamiento
4131,546,Entrenamiento
4132,135,Prueba
4133,545,Entrenamiento
4134,590,Entrenamiento
4135,1314,Entrenamiento
4136,494,Entrenamiento
4137,1440,Entrenamiento
4138,825,Entrenamiento
4139,584,Prueba
4140,1400,Prueba
4141,835,Entrenamiento
4142,1355,Entrenamiento
4143,395,Entrenamiento
4144,431,Entrenamiento
4145,437,Validacion
4146,788,Entrenamiento
4147,292,Validacion
4148,783,Prueba
4149,1122,Entrenamiento
4150,699,Entrenamiento
4151,501,Prueba
4152,1463,Entrenamiento
4153,798,Validacion
4154,859,Prueba
4155,186,Entrenamiento
4156,1018,Prueba
4157,120,Validacion
4158,201,Entrenamiento
4159,269,Entrenamiento
4160,380,Validacion
4161,495,Entrenamiento
4162,902,Entrenamiento
4163,130,Entrenamiento
4164,1311,Entrenamiento
4165,241,Entrenamiento
4166,668,Prueba
4167,1097,Validacion
4168,1377,Entrenamiento
4169,796,Entrenamiento
4170,489,Entrenamiento
4171,221,Validacion
4172,167,Validacion
4173,833,Prueba
4174,1292,Prueba
4175,322,Prueba
4176,1455,Entrenamiento
4177,99,Validacion
4178,783,Prueba
4179,965,Entrenamiento
4180,170,Entrenamiento
4181,702,Entrenamiento
4182,144,Prueba
4183,380,Validacion
4184,786,Entrenamiento
4185,578,Entrenamiento
4186,1454,Validacion
4187,887,Prueba
4188,11,Entrenamiento
4189,857,Prueba
4190,682,Entrenamiento
4191,594,Prueba
4192,77,Entrenamiento
4193,947,Entrenamiento
4194,16,Entrenamiento
4195,542,Entrenamiento
4196,336,Validacion
4197,408,Validacion
4198,51,Validacion
4199,1036,Entrenamiento
4200,717,Entrenamiento
4201,301,Entrenamiento
4202,364,Entrenamiento
4203,1146,Entrenamiento
4204,80,Validacion
4205,97,Entrenamiento
4206,393,Prueba
4207,507,Validacion
4208,435,Entrenamiento
4209,511,Prueba
4210,494,Entrenamiento
4211,110,Prueba
4212,181,Validacion
4213,897,Prueba
4214,1436,Validacion
4215,1235,Validacion
4216,660,Entrenamiento
4217,480,Entrenamiento
4218,1035,Entrenamiento
4219,1041,Validacion
4220,763,Prueba
4221,431,Entrenamiento
4222,1341,Entrenamiento
4223,210,Validacion
4224,230,Prueba
4225,814,Entrenamiento
4226,125,Entrenamiento
4227,76,Entrenamiento
4228,155,Entrenamiento
4229,80,Validacion
4230,815,Entrenamiento
4231,1354,Entrenamiento
4232,505,Prueba
4233,1080,Entrenamiento
4234,1190,Entrenamiento
4235,1418,Entrenamiento
4236,463,Validacion
4237,592,Entrenamiento
4238,253,Entrenamiento
4239,539,Entrenamiento
4240,1212,Prueba
4241,126,Entrenamiento
4242,317,Entrenamiento
4243,409,Entrenamiento
4244,30,Validacion
4245,1176,Prueba
4246,312,Entrenamiento
4247,970,Entrenamiento
4248,668,Prueba
4249,428,Prueba
4250,801,Entrenamiento
4251,961,Entrenamiento
4252,730,Prueba
4253,629,Entrenamiento
4254,220,Entrenamiento
4255,362,Entrenamiento
4256,1194,Validacion
4257,715,Entrenamiento
4258,1059,Entrenamiento
4259,980,Entrenamiento
4260,1070,Entrenamiento
4261,1451,Prueba
4262,1430,Entrenamiento
4263,672,Entrenamiento
4264,433,Entrenamiento
4265,673,Entrenamiento
4266,616,Entrenamiento
4267,1203,Entrenamiento
4268,329,Entrenamiento
4269,100,Validacion
4270,34,Entrenamiento
4271,685,Entrenamiento
4272,1171,Entrenamiento
4273,1001,Prueba
4274,497,Prueba
4275,423,Entrenamiento
4276,945,Prueba
4277,792,Entrenamiento
4278,474,Entrenamiento
4279,1407,Validacion
4280,444,Entrenamiento
4281,1062,Entrenamiento
4282,429,Prueba
4283,243,Entrenamiento
4284,138,Entrenamiento
4285,641,Entrenamiento
4286,867,Entrenamiento
4287,742,Validacion
4288,143,Entrenamiento
4289,802,Prueba
4290,698,Entrenamiento
4291,385,Entrenamiento
4292,189,Entrenamiento
4293,824,Entrenamiento
4294,386,Entrenamiento
4295,529,Entrenamiento
4296,459,Entrenamiento
4297,1497,Entrenamiento
4298,1462,Entrenamiento
4299,620,Prueba
4300,568,Prueba
4301,391,Entrenamiento
4302,643,Entrenamiento
4303,728,Entrenamiento
4304,1482,Entrenamiento
4305,1315,Prueba
4306,1475,Entrenamiento
4307,315,Validacion
4308,532,Entrenamiento
4309,826,Entrenamiento
4310,299,Entrenamiento
4311,1481,Entrenamiento
4312,1502,Entrenamiento
4313,1270,Entrenamiento
4314,1262,Entrenamiento
4315,748,Prueba
4316,5,Entrenamiento
4317,380,Validacion
4318,1136,Entrenamiento
4319,419,Entrenamiento
4320,1145,Entrenamiento
4321,542,Entrenamiento
4322,557,Entrenamiento
4323,50,Entrenamiento
4324,403,Entrenamiento
4325,973,Entrenamiento
4326,587,Entrenamiento
4327,439,Validacion
4328,757,Prueba
4329,297,Prueba
4330,838,Validacion
4331,423,Entrenamiento
4332,582,Prueba
4333,1166,Entrenamiento
4334,1018,Prueba
4335,159,Entrenamiento
4336,422,Prueba
4337,435,Entrenamiento
4338,768,Entrenamiento
4339,28,Entrenamiento
4340,1475,Entrenamiento
4341,105,Entrenamiento
4342,1499,Prueba
4343,255,Entrenamiento
4344,960,Entrenamiento
4345,1060,Entrenamiento
4346,577,Validacion
4347,624,Validacion
4348,111,Entrenamiento
4349,372,Entrenamiento
4350,222,Entrenamiento
4351,60,Entrenamiento
4352,705,Prueba
4353,939,Entrenamiento
4354,700,Entrenamiento
4355,1517,Entrenamiento
4356,424,Entrenamiento
4357,674,Entrenamiento
4358,795,Entrenamiento
4359,829,Validacion
4360,512,Entrenamiento
4361,802,Prueba
4362,1015,Entrenamiento
4363,725,Entrenamiento
4364,208,Validacion
4365,1007,Entrenamiento
4366,623,Entrenamiento
4367,1516,Entrenamiento
4368,1079,Entrenamiento
4369,365,Entrenamiento
4370,570,Entrenamiento
4371,111,Entrenamiento
4372,327,Entrenamiento
4373,596,Validacion
4374,1446,Entrenamiento
4375,769,Entrenamiento
4376,1453,Entrenamiento
4377,121,Prueba
4378,950,Entrenamiento
4379,1121,Prueba
4380,1472,Entrenamiento
4381,416,Prueba
4382,241,Entrenamiento
4383,1048,Entrenamiento
4384,280,Entrenamiento
4385,856,Validacion
4386,775,Entrenamiento
4387,253,Entrenamiento
4388,61,Validacion
4389,281,Entrenamiento
4390,941,Entrenamiento
4391,1123,Entrenamiento
4392,1003,Entrenamiento
4393,353,Entrenamiento
4394,28,Entrenamiento
4395,997,Entrenamiento
4396,438,Validacion
4397,225,Entrenamiento
4398,337,Entrenamiento
4399,68,Validacion
4400,569,Entrenamiento
4401,601,Entrenamiento
4402,637,Entrenamiento
4403,951,Entrenamiento
4404,803,Prueba
4405,595,Entrenamiento
4406,653,Prueba
4407,746,Validacion
4408,402,Entrenamiento
4409,170,Entrenamiento
4410,1232,Entrenamiento
4411,479,Prueba
4412,510,Entrenamiento
4413,604,Entrenamiento
4414,1017,Entrenamiento
4415,243,Entrenamiento
4416,1098,Entrenamiento
4417,240,Prueba
4418,1035,Entrenamiento
4419,440,Entrenamiento
4420,615,Entrenamiento
4421,665,Entrenamiento
4422,1134,Entrenamiento
4423,562,Entrenamiento
4424,465,Validacion
4425,188,Entrenamiento
4426,789,Entrenamiento
4427,720,Prueba
4428,182,Entrenamiento
4429,886,Entrenamiento
4430,127,Entrenamiento
4431,1031,Entrenamiento
4432,442,Entrenamiento
4433,704,Entrenamiento
4434,656,Entrenamiento
4435,371,Prueba
4436,1221,Entrenamiento
4437,503,Entrenamiento
4438,714,Entrenamiento
4439,566,Prueba
4440,688,Entrenamiento
4441,489,Entrenamiento
4442,469,Entrenamiento
4443,1474,Entrenamiento
4444,988,Entrenamiento
4445,267,Entrenamiento
4446,440,Entrenamiento
4447,433,Entrenamiento
4448,319,Validacion
4449,48,Entrenamiento
4450,1077,Entrenamiento
4451,431,Entrenamiento
4452,491,Prueba
4453,436,Entrenamiento
4454,671,Entrenamiento
4455,128,Entrenamiento
4456,1429,Entrenamiento
4457,958,Entrenamiento
4458,206,Entrenamiento
4459,1167,Entrenamiento
4460,350,Validacion
4461,912,Entrenamiento
4462,864,Prueba
4463,1430,Entrenamiento
4464,139,Prueba
4465,441,Entrenamiento
4466,562,Entrenamiento
4467,298,Validacion
4468,256,Entrenamiento
4469,110,Prueba
4470,675,Entrenamiento
4471,671,Entrenamiento
4472,449,Entrenamiento
4473,1323,Prueba
4474,316,Entrenamiento
4475,293,Validacion
4476,73,Entrenamiento
4477,1004,Entrenamiento
4478,952,Prueba
4479,312,Entrenamiento
4480,2,Entrenamiento
4481,490,Entrenamiento
4482,910,Entrenamiento
4483,1234,Entrenamiento
4484,900,Entrenamiento
4485,233,Validacion
4486,207,Entrenamiento
4487,165,Entrenamiento
4488,711,Prueba
4489,479,Prueba
4490,976,Entrenamiento
4491,455,Entrenamiento
4492,522,Entrenamiento
4493,744,Prueba
4494,976,Entrenamiento
4495,332,Validacion
4496,1509,Validacion
4497,171,Entrenamiento
4498,264,Entrenamiento
4499,1000,Entrenamiento
4500,1398,Entrenamiento
4501,1070,Entrenamiento
4502,1087,Prueba
4503,1040,Entrenamiento
4504,679,Entrenamiento
4505,185,Prueba
4506,1199,Validacion
4507,269,Entrenamiento
4508,1022,Prueba
4509,428,Prueba
4510,770,Entrenamiento
4511,1271,Entrenamiento
4512,897,Prueba
4513,17,Validacion
4514,392,Entrenamiento
4515,182,Entrenamiento
4516,1006,Entrenamiento
4517,486,Validacion
4518,1236,Entrenamiento
4519,954,Entrenamiento
4520,762,Entrenamiento
4521,681,Validacion
4522,1025,Validacion
4523,1505,Prueba
4524,1360,Entrenamiento
4525,893,Prueba
4526,767,Entrenamiento
4527,625,Validacion
4528,697,Entrenamiento
4529,283,Validacion
4530,545,Entrenamiento
4531,151,Prueba
4532,1211,Prueba
4533,42,Entrenamiento
4534,1362,Prueba
4535,560,Entrenamiento
4536,78,Entrenamiento
4537,986,Entrenamiento
4538,1058,Entrenamiento
4539,263,Validacion
4540,717,Entrenamiento
4541,270,Entrenamiento
4542,307,Entrenamiento
4543,280,Entrenamiento
4544,831,Prueba
4545,785,Entrenamiento
4546,313,Entrenamiento
4547,666,Entrenamiento
4548,1073,Validacion
4549,622,Prueba
4550,280,Entrenamiento
4551,373,Prueba
4552,1062,Entrenamiento
4553,1288,Entrenamiento
4554,7,Entrenamiento
4555,494,Entrenamiento
4556,320,Entrenamiento
4557,1071,Prueba
4558,137,Entrenamiento
4559,1208,Entrenamiento
4560,88,Prueba
4561,992,Entrenamiento
4562,1159,Entrenamiento
4563,1030,Prueba
4564,531,Entrenamiento
4565,179,Validacion
4566,926,Validacion
4567,150,Validacion
4568,465,Validacion
4569,98,Entrenamiento
4570,1151,Entrenamiento
4571,59,Entrenamiento
4572,63,Validacion
4573,705,Prueba
4574,259,Validacion
4575,79,Validacion
4576,425,Validacion
4577,198,Entrenamiento
4578,721,Validacion
4579,278,Entrenamiento
4580,806,Entrenamiento
4581,1419,Prueba
4582,598,Validacion
4583,354,Prueba
4584,847,Entrenamiento
4585,519,Entrenamiento
4586,296,Validacion
4587,25,Entrenamiento
4588,1174,Validacion
4589,1279,Entrenamiento
4590,1152,Entrenamiento
4591,1448,Validacion
4592,1229,Entrenamiento
4593,1339,Entrenamiento
4594,577,Validacion
4595,1008,Entrenamiento
4596,1276,Entrenamiento
4597,209,Entrenamiento
4598,776,Validacion
4599,1394,Entrenamiento
4600,460,Entrenamiento
4601,1376,Entrenamiento
4602,668,Prueba
4603,1245,Entrenamiento
4604,555,Validacion
4605,245,Prueba
4606,804,Entrenamiento
4607,372,Entrenamiento
4608,799,Entrenamiento
4609,9,Entrenamiento
4610,998,Entrenamiento
4611,590,Entrenamiento
4612,975,Entrenamiento
4613,691,Prueba
4614,773,Entrenamiento
4615,1851,Entrenamiento
4616,469,Entrenamiento
4617,813,Entrenamiento
4618,729,Entrenamiento
4619,1114,Entrenamiento
4620,579,Entrenamiento
4621,1852,Entrenamiento
4622,433,Entrenamiento
4623,1525,Entrenamiento
4624,735,Entrenamiento
4625,824,Entrenamiento
4626,1467,Prueba
4627,893,Prueba
4628,877,Validacion
4629,220,Entrenamiento
4630,785,Entrenamiento
4631,399,Entrenamiento
4632,1096,Prueba
4633,798,Validacion
4634,606,Entrenamiento
4635,312,Entrenamiento
4636,982,Entrenamiento
4637,1853,Entrenamiento
4638,1267,Entrenamiento
4639,230,Prueba
4640,434,Entrenamiento
4641,682,Entrenamiento
4642,20,Entrenamiento
4643,1105,Entrenamiento
4644,1449,Entrenamiento
4645,648,Entrenamiento
4646,113,Entrenamiento
4647,811,Prueba
4648,1170,Entrenamiento
4649,1508,Entrenamiento
4650,861,Entrenamiento
4651,433,Entrenamiento
4652,215,Entrenamiento
4653,813,Entrenamiento
4654,217,Validacion
4655,830,Entrenamiento
4656,328,Entrenamiento
4657,789,Entrenamiento
4658,415,Prueba
4659,327,Entrenamiento
4660,694,Entrenamiento
4661,710,Entrenamiento
4662,324,Validacion
4663,540,Entrenamiento
4664,517,Prueba
4665,461,Entrenamiento
4666,436,Entrenamiento
4667,1238,Entrenamiento
4668,68,Validacion
4669,1052,Validacion
4670,55,Entrenamiento
4671,303,Entrenamiento
4672,1358,Entrenamiento
4673,1027,Entrenamiento
4674,415,Prueba
4675,22,Entrenamiento
4676,10,Entrenamiento
4677,1386,Entrenamiento
4678,1403,Entrenamiento
4679,755,Validacion
4680,645,Entrenamiento
4681,335,Entrenamiento
4682,38,Entrenamiento
4683,1854,Entrenamiento
4684,1367,Entrenamiento
4685,492,Entrenamiento
4686,1855,Entrenamiento
4687,123,Entrenamiento
4688,1856,Entrenamiento
4689,105,Entrenamiento
4690,1387,Entrenamiento
4691,581,Entrenamiento
4692,670,Prueba
4693,519,Entrenamiento
4694,361,Entrenamiento
4695,1184,Entrenamiento
4696,1507,Prueba
4697,1072,Entrenamiento
4698,345,Entrenamiento
4699,188,Entrenamiento
4700,994,Validacion
4701,1254,Entrenamiento
4702,497,Prueba
4703,826,Entrenamiento
4704,1377,Entrenamiento
4705,942,Entrenamiento
4706,376,Validacion
4707,1268,Validacion
4708,290,Prueba
4709,223,Entrenamiento
4710,1434,Entrenamiento
4711,637,Entrenamiento
4712,619,Entrenamiento
4713,791,Entrenamiento
4714,446,Entrenamiento
4715,1191,Entrenamiento
4716,468,Prueba
4717,514,Entrenamiento
4718,400,Entrenamiento
4719,1061,Entrenamiento
4720,641,Entrenamiento
4721,398,Entrenamiento
4722,1242,Validacion
4723,1302,Validacion
4724,234,Entrenamiento
4725,533,Validacion
4726,260,Entrenamiento
4727,342,Entrenamiento
4728,65,Validacion
4729,706,Entrenamiento
4730,385,Entrenamiento
4731,291,Validacion
4732,103,Entrenamiento
4733,1305,Prueba
4734,1063,Entrenamiento
4735,184,Validacion
4736,53,Entrenamiento
4737,109,Validacion
4738,907,Prueba
4739,268,Entrenamiento
4740,1471,Validacion
4741,937,Entrenamiento
4742,495,Entrenamiento
4743,824,Entrenamiento
4744,696,Validacion
4745,581,Entrenamiento
4746,410,Prueba
4747,104,Entrenamiento
4748,421,Entrenamiento
4749,695,Entrenamiento
4750,1260,Prueba
4751,329,Entrenamiento
4752,931,Prueba
4753,1085,Entrenamiento
4754,1498,Prueba
4755,675,Entrenamiento
4756,196,Validacion
4757,201,Entrenamiento
4758,105,Entrenamiento
4759,461,Entrenamiento
4760,338,Entrenamiento
4761,310,Entrenamiento
4762,741,Entrenamiento
4763,515,Entrenamiento
4764,960,Entrenamiento
4765,860,Entrenamiento
4766,510,Entrenamiento
4767,733,Validacion
4768,27,Entrenamiento
4769,35,Entrenamiento
4770,341,Entrenamiento
4771,1067,Entrenamiento
4772,937,Entrenamiento
4773,444,Entrenamiento
4774,1390,Entrenamiento
4775,691,Prueba
4776,1080,Entrenamiento
4777,1486,Entrenamiento
4778,578,Entrenamiento
4779,238,Prueba
4780,1031,Entrenamiento
4781,399,Entrenamiento
4782,953,Entrenamiento
4783,152,Entrenamiento
4784,1257,Entrenamiento
4785,1320,Entrenamiento
4786,533,Validacion
4787,1438,Prueba
4788,689,Entrenamiento
4789,323,Entrenamiento
4790,1200,Prueba
4791,387,Validacion
4792,896,Prueba
4793,1324,Entrenamiento
4794,1377,Entrenamiento
4795,316,Entrenamiento
4796,235,Entrenamiento
4797,1076,Entrenamiento
4798,919,Entrenamiento
4799,72,Entrenamiento
4800,431,Entrenamiento
4801,631,Entrenamiento
4802,561,Validacion
4803,966,Entrenamiento
4804,760,Entrenamiento
4805,232,Entrenamiento
4806,470,Entrenamiento
4807,663,Entrenamiento
4808,160,Entrenamiento
4809,1149,Prueba
4810,591,Entrenamiento
4811,1043,Entrenamiento
4812,817,Entrenamiento
4813,515,Entrenamiento
4814,1405,Entrenamiento
4815,90,Prueba
4816,901,Entrenamiento
4817,541,Entrenamiento
4818,1031,Entrenamiento
4819,995,Entrenamiento
4820,352,Entrenamiento
4821,1243,Entrenamiento
4822,1074,Prueba
4823,123,Entrenamiento
4824,133,Entrenamiento
4825,1042,Validacion
4826,405,Entrenamiento
4827,1246,Entrenamiento
4828,522,Entrenamiento
4829,990,Entrenamiento
4830,533,Validacion
4831,560,Entrenamiento
4832,1520,Validacion
4833,350,Validacion
4834,241,Entrenamiento
4835,658,Entrenamiento
4836,1459,Entrenamiento
4837,712,Validacion
4838,246,Entrenamiento
4839,903,Validacion
4840,477,Entrenamiento
4841,35,Entrenamiento
4842,707,Entrenamiento
4843,300,Entrenamiento
4844,769,Entrenamiento
4845,1404,Entrenamiento
4846,358,Entrenamiento
4847,12,Validacion
4848,536,Entrenamiento
4849,718,Prueba
4850,693,Validacion
4851,1418,Entrenamiento
4852,710,Entrenamiento
4853,807,Prueba
4854,954,Entrenamiento
4855,895,Entrenamiento
4856,432,Entrenamiento
4857,404,Entrenamiento
4858,966,Entrenamiento
4859,1088,Entrenamiento
4860,596,Validacion
4861,412,Entrenamiento
4862,431,Entrenamiento
4863,1158,Validacion
4864,348,Entrenamiento
4865,863,Entrenamiento
4866,881,Validacion
4867,1345,Validacion
4868,511,Prueba
4869,265,Entrenamiento
4870,118,Entrenamiento
4871,183,Prueba
4872,692,Entrenamiento
4873,659,Entrenamiento
4874,521,Entrenamiento
4875,367,Validacion
4876,1399,Entrenamiento
4877,558,Entrenamiento
4878,516,Entrenamiento
4879,1119,Entrenamiento
4880,403,Entrenamiento
4881,976,Entrenamiento
4882,635,Entrenamiento
4883,1218,Entrenamiento
4884,359,Entrenamiento
4885,1281,Prueba
4886,178,Entrenamiento
4887,888,Entrenamiento
4888,506,Prueba
4889,396,Entrenamiento
4890,388,Entrenamiento
4891,1511,Entrenamiento
4892,380,Validacion
4893,1098,Entrenamiento
4894,618,Entrenamiento
4895,1010,Prueba
4896,165,Entrenamiento
4897,849,Entrenamiento
4898,516,Entrenamiento
4899,88,Prueba
4900,827,Entrenamiento
4901,547,Entrenamiento
4902,934,Entrenamiento
4903,1053,Entrenamiento
4904,786,Entrenamiento
4905,612,Entrenamiento
4906,613,Prueba
4907,984,Entrenamiento
4908,207,Entrenamiento
4909,878,Entrenamiento
4910,943,Entrenamiento
4911,1427,Entrenamiento
4912,1528,Entrenamiento
4913,1529,Entrenamiento
4914,1530,Entrenamiento
4915,1531,Entrenamiento
4916,1532,Entrenamiento
4917,1533,Prueba
4918,1534,Entrenamiento
4919,1535,Entrenamiento
4920,1536,Validacion
4921,1537,Entrenamiento
4922,1538,Entrenamiento
4923,1539,Validacion
4924,1540,Entrenamiento
4925,1541,Entrenamiento
4926,1542,Entrenamiento
4927,1543,Prueba
4928,1544,Prueba
4929,1545,Prueba
4930,752,Entrenamiento
4931,1546,Entrenamiento
4932,813,Entrenamiento
4933,1547,Entrenamiento
4934,625,Validacion
4935,1548,Entrenamiento
4936,1549,Entrenamiento
4937,1550,Validacion
4938,1551,Entrenamiento
4939,701,Entrenamiento
4940,24,Entrenamiento
4941,1552,Entrenamiento
4942,1489,Entrenamiento
4943,111,Entrenamiento
4944,1553,Prueba
4945,1554,Validacion
4946,1555,Entrenamiento
4947,1399,Entrenamiento
4948,1301,Entrenamiento
4949,471,Prueba
4950,1556,Entrenamiento
4951,1557,Validacion
4952,1558,Prueba
4953,1559,Entrenamiento
4954,1560,Entrenamiento
4955,1561,Validacion
4956,1562,Validacion
4957,771,Entrenamiento
4958,1563,Entrenamiento
4959,1564,Prueba
4960,1565,Entrenamiento
4961,1566,Validacion
4962,1567,Entrenamiento
4963,1568,Entrenamiento
4964,632,Entrenamiento
4965,983,Entrenamiento
4966,167,Validacion
4967,1569,Prueba
4968,1570,Entrenamiento
4969,1137,Entrenamiento
4970,1204,Entrenamiento
4971,882,Entrenamiento
4972,122,Prueba
4973,1710,Entrenamiento
4974,1711,Entrenamiento
4975,944,Prueba
4976,1712,Entrenamiento
4977,736,Prueba
4978,404,Entrenamiento
4979,85,Entrenamiento
4980,1713,Entrenamiento
4981,1714,Entrenamiento
4982,1715,Entrenamiento
4983,1716,Entrenamiento
4984,1717,Prueba
4985,231,Entrenamiento
4986,742,Validacion
4987,548,Validacion
4988,1325,Entrenamiento
4989,714,Entrenamiento
4990,572,Entrenamiento
4991,538,Prueba
4992,1025,Validacion
4993,1718,Prueba
4994,1430,Entrenamiento
4995,1719,Entrenamiento
4996,580,Entrenamiento
4997,440,Entrenamiento
4998,935,Entrenamiento
4999,822,Entrenamiento
5000,29,Validacion
5001,978,Prueba
5002,1720,Prueba
5003,961,Entrenamiento
5004,1721,Validacion
5005,497,Prueba
5006,1393,Prueba
5007,1722,Entrenamiento
5008,188,Entrenamiento
5009,1723,Entrenamiento
5010,1724,Entrenamiento
5011,1725,Entrenamiento
5012,1726,Validacion
5013,1727,Entrenamiento
5014,318,Prueba
5015,908,Entrenamiento
5016,1193,Validacion
5017,868,Entrenamiento
5018,456,Entrenamiento
5019,14,Prueba
5020,1153,Entrenamiento
5021,1157,Prueba
5022,1558,Prueba
5023,285,Entrenamiento
5024,839,Entrenamiento
5025,478,Validacion
5026,1069,Entrenamiento
5027,929,Entrenamiento
5028,884,Entrenamiento
5029,773,Entrenamiento
5030,1728,Prueba
5031,1128,Prueba
5032,1370,Prueba
5033,1086,Prueba
5034,1414,Entrenamiento
5035,1408,Entrenamiento
5036,49,Entrenamiento
5037,1161,Validacion
5038,544,Validacion
5039,1729,Prueba
5040,823,Entrenamiento
5041,1730,Prueba
5042,1731,Entrenamiento
5043,1732,Validacion
5044,206,Entrenamiento
5045,1733,Entrenamiento
5046,84,Validacion
5047,384,Entrenamiento
5048,304,Entrenamiento
5049,564,Prueba
5050,149,Validacion
5051,345,Entrenamiento
5052,1734,Entrenamiento
5053,1735,Entrenamiento
5054,601,Entrenamiento
5055,618,Entrenamiento
5056,391,Entrenamiento
5057,34,Entrenamiento
5058,1483,Validacion
5059,1334,Prueba
5060,1790,Entrenamiento
5061,1791,Entrenamiento
5062,1792,Entrenamiento
5063,841,Prueba
5064,56,Entrenamiento
5065,82,Entrenamiento
5066,1160,Entrenamiento
5067,1793,Entrenamiento
5068,124,Validacion
5069,1794,Entrenamiento
5070,1795,Entrenamiento
5071,615,Entrenamiento
5072,1338,Prueba
5073,1248,Entrenamiento
5074,588,Entrenamiento
5075,472,Prueba
5076,344,Entrenamiento
5077,875,Entrenamiento
5078,1005,Entrenamiento
5079,547,Entrenamiento
5080,690,Validacion
5081,58,Entrenamiento
5082,400,Entrenamiento
5083,1273,Entrenamiento
5084,251,Validacion
5085,164,Entrenamiento
5086,166,Entrenamiento
5087,1796,Entrenamiento
5088,942,Entrenamiento
5089,425,Validacion
5090,752,Entrenamiento
5091,197,Entrenamiento
5092,1479,Entrenamiento
5093,663,Entrenamiento
5094,341,Entrenamiento
5095,383,Entrenamiento
5096,385,Entrenamiento
5097,743,Entrenamiento
5098,772,Entrenamiento
5099,1797,Entrenamiento
5100,1798,Entrenamiento
5101,45,Validacion
5102,1515,Entrenamiento
5103,957,Validacion
5104,1799,Entrenamiento
5105,579,Entrenamiento
5106,203,Prueba
5107,683,Prueba
5108,1037,Entrenamiento
5109,467,Entrenamiento
5110,253,Entrenamiento
5111,1800,Entrenamiento
5112,981,Entrenamiento
5113,1801,Entrenamiento
5114,1113,Entrenamiento
5115,143,Entrenamiento
5116,992,Entrenamiento
5117,805,Prueba
5118,629,Entrenamiento
5119,1802,Entrenamiento
5120,1275,Entrenamiento
5121,1259,Entrenamiento
5122,1803,Validacion
5123,272,Validacion
5124,352,Entrenamiento
5125,161,Entrenamiento
5126,1857,Entrenamiento
5127,1858,Entrenamiento
5128,1859,Validacion
5129,1860,Prueba
5130,1861,Entrenamiento
5131,1862,Prueba
5132,1863,Entrenamiento
5133,1864,Entrenamiento
5134,1865,Entrenamiento
5135,1866,Entrenamiento
5136,1867,Prueba
5137,1868,Entrenamiento
5138,1869,Prueba
5139,1870,Validacion
5140,1871,Prueba
5141,1872,Prueba
5142,1873,Validacion
5143,1874,Prueba
5144,1875,Entrenamiento
5145,1876,Prueba
5146,1877,Entrenamiento
5147,1878,Entrenamiento
5148,1879,Prueba
5149,1880,Entrenamiento
5150,1881,Entrenamiento
5151,1882,Entrenamiento
5152,1883,Prueba
5153,1884,Entrenamiento
5154,1885,Entrenamiento
5155,1886,Validacion
5156,1887,Entrenamiento
5157,1888,Prueba
5158,1889,Entrenamiento
5159,1890,Entrenamiento
5160,1891,Prueba
5161,1892,Validacion
5162,1893,Validacion
5163,1894,Prueba
5164,1895,Entrenamiento
5165,1896,Entrenamiento
5166,1897,Validacion
5167,1898,Entrenamiento
5168,1899,Entrenamiento
5169,1900,Entrenamiento
5170,1901,Entrenamiento
5171,538,Prueba
5172,1902,Entrenamiento
5173,1903,Entrenamiento
5174,1904,Entrenamiento
5175,1905,Prueba
5176,1906,Entrenamiento
5177,1907,Validacion
5178,1908,Entrenamiento
5179,983,Entrenamiento
5180,1909,Entrenamiento
5181,1910,Entrenamiento
5182,1911,Entrenamiento
5183,1912,Prueba
5184,1913,Entrenamiento
5185,882,Entrenamiento
5186,1914,Entrenamiento
5187,1915,Entrenamiento
5188,1916,Entrenamiento
5189,1917,Entrenamiento
5190,1918,Entrenamiento
5191,1919,Prueba
5192,1920,Entrenamiento
5193,1921,Prueba
5194,1922,Entrenamiento
5195,1923,Entrenamiento
5196,1924,Entrenamiento
5197,1925,Entrenamiento
5198,1926,Validacion
5199,1927,Entrenamiento
5200,1928,Entrenamiento
5201,1929,Entrenamiento
5202,1930,Entrenamiento
5203,1931,Entrenamiento
5204,1932,Entrenamiento
5205,1933,Entrenamiento
5206,1934,Prueba
5207,1935,Entrenamiento
5208,1936,Entrenamiento
5209,1937,Prueba
5210,671,Entrenamiento
5211,1938,Entrenamiento
5212,1939,Entrenamiento
5213,1940,Entrenamiento
5214,1941,Prueba
5215,1942,Validacion
5216,1943,Entrenamiento
5217,1944,Entrenamiento
5218,1945,Prueba
5219,1946,Entrenamiento
5220,1947,Entrenamiento
5221,1948,Entrenamiento
5222,1949,Entrenamiento
5223,1950,Entrenamiento
5224,1951,Prueba
5225,1075,Prueba
5226,1952,Entrenamiento
5227,1909,Entrenamiento
5228,1953,Entrenamiento
5229,1954,Prueba
5230,1955,Entrenamiento
5231,1956,Entrenamiento
5232,1957,Prueba
5233,269,Entrenamiento
5234,1958,Entrenamiento
5235,1959,Entrenamiento
5236,1960,Entrenamiento
5237,1961,Entrenamiento
5238,1962,Prueba
5239,1963,Entrenamiento
5240,1964,Prueba
5241,1965,Validacion
5242,1966,Validacion
5243,1967,Entrenamiento
5244,1968,Entrenamiento
5245,1969,Entrenamiento
5246,1970,Entrenamiento
5247,1971,Validacion
5248,1972,Entrenamiento
5249,1973,Prueba
5250,1974,Entrenamiento
5251,1975,Entrenamiento
5252,1976,Entrenamiento
5253,1977,Entrenamiento
5254,1978,Validacion
5255,1979,Entrenamiento
5256,1980,Entrenamiento
5257,1981,Entrenamiento
5258,1982,Entrenamiento
5259,1983,Prueba
5260,1984,Entrenamiento
5261,1985,Entrenamiento
5262,1986,Entrenamiento
5263,1987,Entrenamiento
5264,1988,Prueba
5265,1989,Entrenamiento
5266,1990,Entrenamiento
5267,1991,Entrenamiento
5268,1992,Prueba
5269,1993,Entrenamiento
5270,1909,Entrenamiento
5271,1994,Entrenamiento
5272,1995,Entrenamiento
5273,1996,Entrenamiento
5274,1997,Entrenamiento
5275,1998,Entrenamiento
5276,1999,Entrenamiento
5277,2000,Entrenamiento
5278,2001,Entrenamiento
5279,2002,Prueba
5280,2003,Entrenamiento
5281,2004,Entrenamiento
5282,2005,Entrenamiento
5283,2006,Entrenamiento
5284,2007,Entrenamiento
5285,2008,Validacion
5286,2009,Entrenamiento
5287,2010,Entrenamiento
5288,2011,Entrenamiento
5289,2012,Entrenamiento
5290,2013,Entrenamiento
5291,2014,Entrenamiento
5292,2015,Entrenamiento
5293,2016,Entrenamiento
5294,2017,Entrenamiento
5295,2018,Entrenamiento
5296,1909,Entrenamiento
5297,2019,Entrenamiento
5298,2020,Entrenamiento
5299,1256,Entrenamiento
5300,2021,Entrenamiento
5301,2022,Validacion
5302,2023,Entrenamiento
5303,2024,Entrenamiento
5304,2025,Prueba
5305,2026,Entrenamiento
5306,2027,Entrenamiento
5307,2028,Entrenamiento
5308,2029,Validacion
5309,2030,Entrenamiento
5310,2031,Prueba
5311,2032,Entrenamiento
5312,2033,Entrenamiento
5313,2034,Prueba
5314,2035,Entrenamiento
5315,2036,Entrenamiento
5316,2037,Entrenamiento
5317,2038,Entrenamiento
5318,2039,Entrenamiento
5319,2040,Entrenamiento
5320,2041,Entrenamiento
5321,2042,Validacion
5322,2043,Entrenamiento
5323,2044,Entrenamiento
5324,2045,Entrenamiento
5325,2046,Entrenamiento
5326,2047,Entrenamiento
5327,2048,Entrenamiento
5328,2049,Entrenamiento
5329,2050,Entrenamiento
5330,2051,Entrenamiento
5331,2052,Entrenamiento
5332,2053,Validacion
5333,2054,Entrenamiento
5334,2055,Entrenamiento
5335,2056,Entrenamiento
5336,1909,Entrenamiento
5337,2057,Validacion
5338,2058,Entrenamiento
5339,2059,Entrenamiento
5340,2060,Entrenamiento
5341,2061,Entrenamiento
5342,2062,Entrenamiento
5343,2063,Validacion
5344,2064,Entrenamiento
5345,2065,Entrenamiento
5346,2066,Entrenamiento
5347,2067,Validacion
5348,2068,Entrenamiento
5349,2069,Entrenamiento
5350,2070,Entrenamiento
5351,2071,Entrenamiento
5352,2072,Prueba
5353,2073,Entrenamiento
5354,2074,Entrenamiento
5355,373,Prueba
5356,2075,Entrenamiento
5357,2076,Entrenamiento
5358,2077,Validacion
5359,2078,Entrenamiento
5360,2079,Entrenamiento
5361,2080,Validacion
5362,2081,Entrenamiento
5363,2082,Entrenamiento
5364,2083,Validacion
5365,2084,Entrenamiento
5366,2085,Entrenamiento
5367,2086,Entrenamiento
5368,2087,Validacion
5369,2088,Entrenamiento
5370,2089,Entrenamiento
5371,2090,Entrenamiento
5372,2091,Validacion
5373,2092,Entrenamiento
5374,2093,Prueba
5375,2094,Prueba
5376,2095,Entrenamiento
5377,2096,Entrenamiento
5378,2097,Entrenamiento
5379,2098,Prueba
5380,2099,Validacion
5381,2100,Entrenamiento
5382,2101,Entrenamiento
5383,2102,Entrenamiento
5384,2103,Validacion
5385,2104,Prueba
5386,2105,Entrenamiento
5387,2106,Entrenamiento
5388,2107,Validacion
5389,2108,Entrenamiento
5390,2109,Entrenamiento
5391,2110,Validacion
5392,2111,Entrenamiento
5393,1680,Entrenamiento
5394,2112,Entrenamiento
5395,2113,Entrenamiento
5396,2114,Validacion
5397,2115,Validacion
5398,2116,Entrenamiento
5399,2117,Entrenamiento
5400,2118,Validacion
5401,1031,Entrenamiento
5402,2119,Prueba
5403,2120,Entrenamiento
5404,2111,Entrenamiento
5405,2121,Prueba
5406,2122,Entrenamiento
5407,2123,Entrenamiento
5408,2124,Validacion
5409,2125,Entrenamiento
5410,2126,Entrenamiento
5411,2127,Validacion
5412,2128,Entrenamiento
5413,2129,Entrenamiento
5414,2130,Entrenamiento
5415,2131,Prueba
5416,2132,Entrenamiento
5417,2133,Validacion
5418,2134,Entrenamiento
5419,2135,Validacion
5420,2136,Entrenamiento
5421,2137,Entrenamiento
5422,2138,Validacion
5423,2139,Entrenamiento
5424,2140,Entrenamiento
5425,1079,Entrenamiento
5426,1263,Prueba
5427,885,Entrenamiento
5428,2141,Entrenamiento
5429,2142,Prueba
5430,2143,Entrenamiento
5431,2144,Entrenamiento
5432,2145,Entrenamiento
5433,1982,Entrenamiento
5434,715,Entrenamiento
5435,2146,Prueba
5436,2147,Entrenamiento
5437,883,Entrenamiento
5438,2148,Entrenamiento
5439,2149,Entrenamiento
5440,2150,Entrenamiento
5441,2151,Entrenamiento
5442,2152,Entrenamiento
5443,2153,Prueba
5444,2154,Validacion
5445,2155,Entrenamiento
5446,2156,Entrenamiento
5447,2157,Entrenamiento
5448,2158,Entrenamiento
5449,2159,Entrenamiento
5450,2160,Entrenamiento
5451,2161,Entrenamiento
5452,2162,Entrenamiento
5453,2163,Prueba
5454,2164,Validacion
5455,2165,Entrenamiento
5456,2166,Entrenamiento
5457,2167,Prueba
5458,2168,Validacion
5459,2169,Entrenamiento
5460,2170,Validacion
5461,2171,Entrenamiento
5462,1075,Prueba
5463,2172,Entrenamiento
5464,656,Entrenamiento
5465,2173,Entrenamiento
5466,2174,Entrenamiento
5467,2175,Entrenamiento
5468,2034,Prueba
5469,2176,Entrenamiento
5470,2177,Prueba
5471,404,Entrenamiento
5472,2178,Entrenamiento
5473,2179,Entrenamiento
5474,2180,Entrenamiento
5475,2181,Prueba
5476,2182,Prueba
5477,2183,Entrenamiento
5478,2184,Entrenamiento
5479,742,Validacion
5480,2185,Entrenamiento
5481,2186,Entrenamiento
5482,2187,Prueba
5483,2172,Entrenamiento
5484,2188,Entrenamiento
5485,2189,Entrenamiento
5486,2190,Entrenamiento
5487,2191,Validacion
5488,2192,Entrenamiento
5489,2193,Entrenamiento
5490,2194,Entrenamiento
5491,2195,Prueba
5492,2196,Entrenamiento
5493,2197,Validacion
5494,2198,Entrenamiento
5495,2199,Entrenamiento
5496,2200,Entrenamiento
5497,2201,Validacion
5498,2202,Entrenamiento
5499,2203,Entrenamiento
5500,2204,Entrenamiento
5501,2024,Entrenamiento
5502,2205,Entrenamiento
5503,2206,Entrenamiento
5504,2207,Entrenamiento
5505,2208,Entrenamiento
5506,2209,Validacion
5507,2210,Validacion
5508,2211,Entrenamiento
5509,2212,Entrenamiento
5510,2213,Entrenamiento
5511,2214,Entrenamiento
5512,2215,Validacion
5513,2216,Entrenamiento
5514,2217,Entrenamiento
5515,2218,Entrenamiento
5516,2219,Entrenamiento
5517,2220,Entrenamiento
5518,2221,Entrenamiento
5519,2222,Validacion
5520,2223,Validacion
5521,2224,Validacion
5522,2225,Validacion
5523,2226,Entrenamiento
5524,2227,Prueba
5525,2228,Entrenamiento
5526,2229,Entrenamiento
5527,2230,Entrenamiento
5528,2231,Entrenamiento
5529,2232,Prueba
5530,2233,Prueba
5531,2234,Entrenamiento
5532,2235,Entrenamiento
5533,2236,Entrenamiento
5534,2237,Entrenamiento
5535,2238,Entrenamiento
5536,2239,Entrenamiento
5537,2240,Entrenamiento
5538,2241,Entrenamiento
5539,2242,Entrenamiento
5540,2243,Entrenamiento
5541,2244,Validacion
5542,2245,Validacion
5543,2246,Entrenamiento
5544,2023,Entrenamiento
5545,2247,Entrenamiento
5546,2248,Entrenamiento
5547,2249,Entrenamiento
5548,2120,Entrenamiento
5549,2250,Entrenamiento
5550,2251,Validacion
5551,2252,Validacion
5552,2253,Entrenamiento
5553,2254,Validacion
5554,2255,Entrenamiento
5555,2256,Entrenamiento
5556,2257,Entrenamiento
5557,2258,Entrenamiento
5558,2259,Prueba
5559,2260,Entrenamiento
5560,2261,Entrenamiento
5561,2262,Entrenamiento
5562,2263,Entrenamiento
5563,2264,Prueba
5564,2265,Entrenamiento
5565,2266,Entrenamiento
5566,2267,Entrenamiento
5567,1982,Entrenamiento
5568,2268,Validacion
5569,2269,Entrenamiento
5570,2270,Entrenamiento
5571,2271,Validacion
5572,2272,Prueba
5573,2273,Prueba
5574,2274,Entrenamiento
5575,2275,Prueba
5576,2056,Entrenamiento
5577,2276,Prueba
5578,2277,Validacion
5579,2278,Entrenamiento
5580,2279,Entrenamiento
5581,2280,Entrenamiento
5582,2281,Entrenamiento
5583,2282,Entrenamiento
5584,2283,Entrenamiento
5585,2284,Entrenamiento
5586,2194,Entrenamiento
5587,2198,Entrenamiento
5588,2285,Entrenamiento
5589,2286,Entrenamiento
5590,2287,Validacion
5591,2288,Entrenamiento
5592,2289,Entrenamiento
5593,2290,Entrenamiento
5594,2291,Entrenamiento
5595,2292,Prueba
5596,2097,Entrenamiento
5597,2120,Entrenamiento
5598,2293,Entrenamiento
5599,2294,Entrenamiento
5600,2295,Entrenamiento
5601,2296,Entrenamiento
5602,2297,Entrenamiento
5603,2068,Entrenamiento
5604,2298,Prueba
5605,2299,Prueba
5606,2104,Prueba
5607,2300,Entrenamiento
5608,2301,Entrenamiento
5609,2302,Validacion
5610,2303,Prueba
5611,2304,Prueba
5612,2305,Entrenamiento
5613,2306,Validacion
5614,2307,Entrenamiento
5615,2308,Entrenamiento
5616,2309,Entrenamiento
5617,376,Validacion
5618,2310,Entrenamiento
5619,2091,Validacion
5620,2311,Entrenamiento
5621,2312,Validacion
5622,2313,Entrenamiento
5623,2314,Validacion
5624,2315,Entrenamiento
5625,2316,Validacion
5626,2317,Prueba
5627,2318,Prueba
5628,1894,Prueba
5629,2319,Entrenamiento
5630,2320,Entrenamiento
5631,2321,Prueba
5632,2322,Entrenamiento
5633,2323,Prueba
5634,2324,Entrenamiento
5635,2325,Entrenamiento
5636,2326,Entrenamiento
5637,2214,Entrenamiento
5638,2327,Entrenamiento
5639,2328,Prueba
5640,983,Entrenamiento
5641,2329,Validacion
5642,2330,Validacion
5643,2331,Entrenamiento
5644,2017,Entrenamiento
5645,2332,Entrenamiento
5646,2333,Prueba
5647,2334,Entrenamiento
5648,2335,Entrenamiento
5649,2336,Entrenamiento
5650,2337,Validacion
5651,2338,Entrenamiento
5652,2339,Validacion
5653,2340,Entrenamiento
5654,2341,Entrenamiento
5655,2342,Prueba
5656,2343,Entrenamiento
5657,2344,Validacion
5658,2345,Entrenamiento
5659,2346,Validacion
5660,2347,Validacion
5661,2036,Entrenamiento
5662,2348,Validacion
5663,2349,Entrenamiento
5664,2350,Validacion
5665,2351,Prueba
5666,2352,Entrenamiento
5667,2353,Entrenamiento
5668,2354,Entrenamiento
5669,2355,Entrenamiento
5670,2356,Entrenamiento
5671,2357,Validacion
5672,2358,Entrenamiento
5673,2359,Entrenamiento
5674,2360,Entrenamiento
5675,2361,Entrenamiento
5676,2362,Entrenamiento
5677,2363,Entrenamiento
5678,2364,Validacion
5679,2365,Entrenamiento
5680,2366,Entrenamiento
5681,2367,Entrenamiento
5682,2368,Entrenamiento
5683,2369,Entrenamiento
5684,2370,Entrenamiento
5685,2371,Entrenamiento
5686,2372,Entrenamiento
5687,2373,Entrenamiento
5688,2374,Entrenamiento
5689,2375,Entrenamiento
5690,2376,Entrenamiento
5691,2185,Entrenamiento
5692,2377,Validacion
5693,2378,Entrenamiento
5694,2379,Entrenamiento
5695,2295,Entrenamiento
5696,2380,Validacion
5697,2381,Entrenamiento
5698,2032,Entrenamiento
5699,2382,Entrenamiento
5700,2383,Entrenamiento
5701,2253,Entrenamiento
5702,2173,Entrenamiento
5703,2384,Prueba
5704,2385,Entrenamiento
5705,2386,Entrenamiento
5706,2387,Validacion
5707,2388,Prueba
5708,2389,Prueba
5709,2390,Entrenamiento
5710,2391,Entrenamiento
5711,2392,Entrenamiento
5712,2393,Entrenamiento
5713,2394,Entrenamiento
5714,2395,Entrenamiento
5715,2396,Entrenamiento
5716,2397,Entrenamiento
5717,2398,Entrenamiento
5718,2399,Prueba
5719,2400,Entrenamiento
5720,2401,Entrenamiento
5721,2402,Entrenamiento
5722,2403,Entrenamiento
5723,2404,Validacion
5724,2405,Validacion
5725,2406,Entrenamiento
5726,2407,Validacion
5727,2408,Entrenamiento
5728,2409,Validacion
5729,2410,Validacion
5730,2411,Entrenamiento
5731,2412,Validacion
5732,2413,Entrenamiento
5733,2414,Entrenamiento
5734,2415,Entrenamiento
5735,2416,Entrenamiento
5736,2417,Prueba
5737,2418,Entrenamiento
5738,2419,Entrenamiento
5739,2420,Entrenamiento
5740,2421,Entrenamiento
5741,2422,Entrenamiento
5742,2423,Entrenamiento
5743,2424,Entrenamiento
5744,2425,Entrenamiento
5745,2426,Entrenamiento
5746,2427,Entrenamiento
5747,2428,Entrenamiento
5748,2429,Entrenamiento
5749,2430,Entrenamiento
5750,2431,Entrenamiento
5751,2432,Validacion
5752,2433,Entrenamiento
5753,2434,Entrenamiento
5754,2435,Entrenamiento
5755,2436,Entrenamiento
5756,2437,Entrenamiento
5757,2438,Entrenamiento
5758,2439,Entrenamiento
5759,2440,Entrenamiento
5760,2441,Prueba
5761,2442,Entrenamiento
5762,2443,Entrenamiento
5763,289,Entrenamiento
5764,2444,Entrenamiento
5765,2445,Prueba
5766,2446,Entrenamiento
5767,2447,Prueba
5768,2270,Entrenamiento
5769,2448,Entrenamiento
5770,2449,Entrenamiento
5771,2450,Prueba
5772,2224,Validacion
5773,2451,Validacion
5774,2452,Entrenamiento
5775,2453,Entrenamiento
5776,2454,Entrenamiento
5777,2455,Entrenamiento
5778,2456,Entrenamiento
5779,2457,Prueba
5780,2458,Entrenamiento
5781,2459,Entrenamiento
5782,2460,Entrenamiento
5783,2461,Entrenamiento
5784,2460,Entrenamiento
5785,2462,Validacion
5786,2463,Validacion
5787,2464,Validacion
5788,2465,Validacion
5789,2466,Entrenamiento
5790,2467,Entrenamiento
5791,2468,Entrenamiento
5792,2469,Entrenamiento
5793,2470,Entrenamiento
5794,2471,Entrenamiento
5795,2472,Entrenamiento
5796,2473,Prueba
5797,2474,Entrenamiento
5798,2475,Entrenamiento
5799,2476,Prueba
5800,2477,Validacion
5801,2478,Entrenamiento
5802,2479,Entrenamiento
5803,2480,Prueba
5804,2481,Validacion
5805,2193,Entrenamiento
5806,2413,Entrenamiento
5807,2482,Entrenamiento
5808,2483,Entrenamiento
5809,2484,Validacion
5810,2485,Entrenamiento
5811,2486,Entrenamiento
5812,2487,Entrenamiento
5813,2488,Validacion
5814,2489,Entrenamiento
5815,2278,Entrenamiento
5816,2490,Entrenamiento
5817,2491,Entrenamiento
5818,2492,Entrenamiento
5819,2493,Entrenamiento
5820,2494,Entrenamiento
5821,2388,Prueba
5822,2495,Prueba
5823,2496,Entrenamiento
5824,2207,Entrenamiento
5825,2497,Entrenamiento
5826,2498,Prueba
5827,2499,Entrenamiento
5828,1302,Validacion
5829,2500,Entrenamiento
5830,2501,Entrenamiento
5831,2407,Validacion
5832,2396,Entrenamiento
5833,2502,Entrenamiento
5834,2503,Validacion
5835,2504,Entrenamiento
5836,2505,Prueba
5837,2506,Entrenamiento
5838,2507,Entrenamiento
5839,2508,Entrenamiento
5840,2509,Entrenamiento
5841,2510,Entrenamiento
5842,2511,Entrenamiento
5843,2512,Entrenamiento
5844,2513,Entrenamiento
5845,2514,Entrenamiento
5846,2515,Entrenamiento
5847,2516,Validacion
5848,2517,Validacion
5849,2518,Prueba
5850,2519,Entrenamiento
5851,2520,Entrenamiento
5852,2521,Prueba
5853,2522,Entrenamiento
5854,2523,Validacion
5855,2524,Entrenamiento
5856,2525,Prueba
5857,2500,Entrenamiento
5858,2526,Entrenamiento
5859,2527,Entrenamiento
5860,2528,Entrenamiento
5861,2529,Entrenamiento
5862,2530,Entrenamiento
5863,2531,Prueba
5864,2532,Entrenamiento
5865,2533,Entrenamiento
5866,2094,Prueba
5867,2534,Prueba
5868,2535,Entrenamiento
5869,2536,Validacion
5870,2537,Entrenamiento
5871,2538,Entrenamiento
5872,1027,Entrenamiento
5873,2539,Entrenamiento
5874,2540,Entrenamiento
5875,2414,Entrenamiento
5876,2055,Entrenamiento
5877,2541,Entrenamiento
5878,2542,Entrenamiento
5879,2543,Validacion
5880,2489,Entrenamiento
5881,2544,Entrenamiento
5882,942,Entrenamiento
5883,2545,Entrenamiento
5884,2546,Entrenamiento
5885,2547,Entrenamiento
5886,2548,Entrenamiento
5887,2549,Prueba
5888,1105,Entrenamiento
5889,2550,Entrenamiento
5890,2551,Entrenamiento
5891,2552,Entrenamiento
5892,2553,Entrenamiento
5893,2554,Prueba
5894,2555,Entrenamiento
5895,2556,Entrenamiento
5896,2557,Entrenamiento
5897,2558,Entrenamiento
5898,2559,Prueba
5899,2560,Entrenamiento
5900,2561,Entrenamiento
5901,2073,Entrenamiento
5902,2562,Entrenamiento
5903,2563,Entrenamiento
5904,2564,Entrenamiento
5905,2565,Entrenamiento
5906,2566,Entrenamiento
5907,2567,Entrenamiento
5908,2568,Entrenamiento
5909,2121,Prueba
5910,2569,Entrenamiento
5911,2570,Validacion
5912,2571,Validacion
5913,2572,Entrenamiento
5914,2573,Entrenamiento
5915,2574,Entrenamiento
5916,2575,Entrenamiento
5917,2576,Entrenamiento
5918,2577,Entrenamiento
5919,2578,Entrenamiento
5920,2579,Entrenamiento
5921,2580,Entrenamiento
5922,112,Entrenamiento
5923,2581,Entrenamiento
5924,2582,Validacion
5925,905,Entrenamiento
5926,2519,Entrenamiento
5927,2583,Entrenamiento
5928,2584,Entrenamiento
5929,2585,Entrenamiento
5930,2586,Validacion
5931,2587,Entrenamiento
5932,2588,Entrenamiento
5933,2589,Prueba
5934,2590,Entrenamiento
5935,2591,Entrenamiento
5936,2592,Validacion
5937,2593,Entrenamiento
5938,2594,Entrenamiento
5939,2595,Entrenamiento
5940,2596,Validacion
5941,2597,Entrenamiento
5942,2598,Entrenamiento
5943,897,Prueba
5944,2599,Entrenamiento
5945,2600,Entrenamiento
5946,2601,Entrenamiento
5947,2602,Validacion
5948,2603,Validacion
5949,2604,Entrenamiento
5950,2605,Entrenamiento
5951,2606,Entrenamiento
5952,2607,Validacion
5953,2608,Entrenamiento
5954,2609,Prueba
5955,2431,Entrenamiento
5956,2610,Entrenamiento
5957,2611,Prueba
5958,2497,Entrenamiento
5959,2612,Entrenamiento
5960,1951,Prueba
5961,25,Entrenamiento
5962,2613,Entrenamiento
5963,2614,Entrenamiento
5964,2615,Validacion
5965,2616,Entrenamiento
5966,2617,Validacion
5967,2618,Entrenamiento
5968,2619,Prueba
5969,2620,Entrenamiento
5970,2621,Entrenamiento
5971,2622,Validacion
5972,2623,Entrenamiento
5973,2624,Entrenamiento
5974,2625,Entrenamiento
5975,2626,Entrenamiento
5976,2627,Validacion
5977,2628,Entrenamiento
5978,2629,Validacion
5979,883,Entrenamiento
5980,2630,Entrenamiento
5981,2631,Entrenamiento
5982,2632,Entrenamiento
5983,2633,Prueba
5984,2634,Entrenamiento
5985,2635,Entrenamiento
5986,2374,Entrenamiento
5987,2636,Entrenamiento
5988,2637,Entrenamiento
5989,2638,Entrenamiento
5990,2639,Entrenamiento
5991,2358,Entrenamiento
5992,2640,Entrenamiento
5993,2641,Prueba
5994,2642,Prueba
5995,2643,Entrenamiento
5996,2644,Entrenamiento
5997,2645,Entrenamiento
5998,2646,Prueba
5999,2647,Prueba
6000,2648,Entrenamiento
6001,2649,Entrenamiento
6002,2650,Prueba
6003,2651,Entrenamiento
6004,2652,Entrenamiento
6005,2653,Entrenamiento
6006,2654,Validacion
6007,2038,Entrenamiento
6008,2655,Entrenamiento
6009,2656,Prueba
6010,1909,Entrenamiento
6011,2657,Entrenamiento
6012,2658,Validacion
6013,2659,Entrenamiento
6014,2660,Entrenamiento
6015,2661,Entrenamiento
6016,2662,Validacion
6017,2663,Entrenamiento
6018,2664,Prueba
6019,2665,Entrenamiento
6020,2666,Entrenamiento
6021,2667,Entrenamiento
6022,2668,Entrenamiento
6023,2669,Prueba
6024,2670,Entrenamiento
6025,2671,Prueba
6026,2672,Entrenamiento
6027,2259,Prueba
6028,2673,Prueba
6029,2674,Entrenamiento
6030,2172,Entrenamiento
6031,2675,Entrenamiento
6032,2676,Entrenamiento
6033,2677,Entrenamiento
6034,2678,Entrenamiento
6035,2319,Entrenamiento
6036,2679,Entrenamiento
6037,2680,Prueba
6038,2651,Entrenamiento
6039,2681,Entrenamiento
6040,2682,Entrenamiento
6041,2172,Entrenamiento
6042,2683,Entrenamiento
6043,2684,Entrenamiento
6044,2685,Validacion
6045,2686,Entrenamiento
6046,2687,Entrenamiento
6047,2688,Entrenamiento
6048,2689,Entrenamiento
6049,2690,Entrenamiento
6050,2284,Entrenamiento
6051,2638,Entrenamiento
6052,2691,Entrenamiento
6053,2692,Entrenamiento
6054,2693,Entrenamiento
6055,2658,Validacion
6056,2150,Entrenamiento
6057,2025,Prueba
6058,2466,Entrenamiento
6059,2694,Validacion
6060,2072,Prueba
6061,2695,Entrenamiento
6062,2696,Entrenamiento
6063,2697,Entrenamiento
6064,2698,Validacion
6065,2699,Entrenamiento
6066,2506,Entrenamiento
6067,2700,Validacion
6068,2701,Entrenamiento
6069,2702,Entrenamiento
6070,2703,Entrenamiento
6071,2704,Validacion
6072,2705,Validacion
6073,2706,Validacion
6074,2707,Entrenamiento
6075,2708,Entrenamiento
6076,2709,Entrenamiento
6077,2710,Entrenamiento
6078,2711,Entrenamiento
6079,2287,Validacion
6080,2712,Entrenamiento
6081,2713,Entrenamiento
6082,2714,Entrenamiento
6083,2715,Validacion
6084,2716,Entrenamiento
6085,2717,Entrenamiento
6086,2718,Prueba
6087,2719,Entrenamiento
6088,2720,Entrenamiento
6089,2721,Validacion
6090,2722,Entrenamiento
6091,2723,Entrenamiento
6092,2724,Entrenamiento
6093,2725,Entrenamiento
6094,189,Entrenamiento
6095,2726,Entrenamiento
6096,2727,Entrenamiento
6097,2728,Validacion
6098,2729,Entrenamiento
6099,2730,Entrenamiento
6100,2731,Entrenamiento
6101,2732,Prueba
6102,2377,Validacion
6103,645,Entrenamiento
6104,2733,Entrenamiento
6105,2734,Entrenamiento
6106,2735,Entrenamiento
6107,2736,Entrenamiento
6108,2737,Entrenamiento
6109,2738,Entrenamiento
6110,2739,Entrenamiento
6111,2740,Entrenamiento
6112,2741,Validacion
6113,2742,Entrenamiento
6114,2663,Entrenamiento
6115,2332,Entrenamiento
6116,2519,Entrenamiento
6117,2743,Entrenamiento
6118,2744,Entrenamiento
6119,2745,Entrenamiento
6120,2746,Prueba
6121,2747,Entrenamiento
6122,2615,Validacion
6123,2748,Entrenamiento
6124,2749,Validacion
6125,581,Entrenamiento
6126,2750,Prueba
6127,2751,Entrenamiento
6128,2752,Entrenamiento
6129,2753,Validacion
6130,2754,Entrenamiento
6131,2755,Entrenamiento
6132,2756,Entrenamiento
6133,2757,Entrenamiento
6134,2758,Entrenamiento
6135,2759,Prueba
6136,2760,Prueba
6137,2761,Entrenamiento
6138,2762,Entrenamiento
6139,2763,Validacion
6140,2764,Prueba
6141,2765,Prueba
6142,2766,Entrenamiento
6143,2767,Entrenamiento
6144,2768,Entrenamiento
6145,1981,Entrenamiento
6146,2769,Entrenamiento
6147,2770,Entrenamiento
6148,2367,Entrenamiento
6149,442,Entrenamiento
6150,2771,Entrenamiento
6151,2772,Entrenamiento
6152,2773,Entrenamiento
6153,2774,Entrenamiento
6154,2775,Prueba
6155,2776,Entrenamiento
6156,2744,Entrenamiento
6157,2777,Entrenamiento
6158,2068,Entrenamiento
6159,2778,Entrenamiento
6160,2292,Prueba
6161,2779,Entrenamiento
6162,2780,Prueba
6163,2421,Entrenamiento
6164,2781,Prueba
6165,2782,Entrenamiento
6166,2783,Entrenamiento
6167,2784,Entrenamiento
6168,2785,Entrenamiento
6169,2153,Prueba
6170,2786,Entrenamiento
6171,2787,Prueba
6172,2788,Entrenamiento
6173,2789,Entrenamiento
6174,2790,Entrenamiento
6175,2791,Entrenamiento
6176,2017,Entrenamiento
6177,2792,Entrenamiento
6178,2793,Entrenamiento
6179,2794,Entrenamiento
6180,2795,Entrenamiento
6181,2796,Entrenamiento
6182,2797,Entrenamiento
6183,2798,Entrenamiento
6184,2799,Validacion
6185,2800,Entrenamiento
6186,2801,Entrenamiento
6187,2802,Validacion
6188,1888,Prueba
6189,2803,Validacion
6190,2115,Validacion
6191,2804,Entrenamiento
6192,189,Entrenamiento
6193,2805,Entrenamiento
6194,2806,Entrenamiento
6195,2807,Validacion
6196,2808,Entrenamiento
6197,715,Entrenamiento
6198,2809,Entrenamiento
6199,2723,Entrenamiento
6200,2810,Entrenamiento
6201,2794,Entrenamiento
6202,2811,Entrenamiento
6203,2812,Entrenamiento
6204,2813,Entrenamiento
6205,2814,Entrenamiento
6206,853,Entrenamiento
6207,2815,Validacion
6208,2816,Entrenamiento
6209,2817,Entrenamiento
6210,2818,Entrenamiento
6211,2819,Validacion
6212,2820,Entrenamiento
6213,2459,Entrenamiento
6214,2821,Entrenamiento
6215,2702,Entrenamiento
6216,2822,Entrenamiento
6217,348,Entrenamiento
6218,2823,Entrenamiento
6219,2824,Entrenamiento
6220,2825,Entrenamiento
6221,2826,Validacion
6222,2827,Validacion
6223,2828,Entrenamiento
6224,2829,Prueba
6225,2455,Entrenamiento
6226,2830,Entrenamiento
6227,2831,Entrenamiento
6228,538,Prueba
6229,2832,Entrenamiento
6230,2229,Entrenamiento
6231,2833,Validacion
6232,2834,Entrenamiento
6233,2835,Entrenamiento
6234,2836,Entrenamiento
6235,2367,Entrenamiento
6236,2837,Entrenamiento
6237,2838,Entrenamiento
6238,2839,Entrenamiento
6239,2840,Entrenamiento
6240,2841,Prueba
6241,2309,Entrenamiento
6242,2842,Validacion
6243,2843,Prueba
6244,2844,Entrenamiento
6245,265,Entrenamiento
6246,2845,Validacion
6247,2028,Entrenamiento
6248,2846,Entrenamiento
6249,2847,Entrenamiento
6250,2327,Entrenamiento
6251,2848,Entrenamiento
6252,2849,Entrenamiento
6253,2850,Entrenamiento
6254,2851,Entrenamiento
6255,2761,Entrenamiento
6256,2852,Entrenamiento
6257,2339,Validacion
6258,2853,Entrenamiento
6259,2854,Entrenamiento
6260,2549,Prueba
6261,2273,Prueba
6262,2855,Prueba
6263,2856,Entrenamiento
6264,2857,Entrenamiento
6265,507,Validacion
6266,2858,Entrenamiento
6267,2859,Prueba
6268,2860,Validacion
6269,2861,Entrenamiento
6270,2862,Prueba
6271,2438,Entrenamiento
6272,2863,Entrenamiento
6273,2864,Entrenamiento
6274,2647,Prueba
6275,2865,Entrenamiento
6276,2866,Entrenamiento
6277,2867,Prueba
6278,2488,Validacion
6279,2868,Validacion
6280,2052,Entrenamiento
6281,2869,Entrenamiento
6282,2870,Entrenamiento
6283,2057,Validacion
6284,2871,Entrenamiento
6285,2872,Entrenamiento
6286,2873,Prueba
6287,2874,Validacion
6288,2875,Entrenamiento
6289,1998,Entrenamiento
6290,2876,Prueba
6291,2877,Entrenamiento
6292,2878,Entrenamiento
6293,2662,Validacion
6294,2879,Entrenamiento
6295,2735,Entrenamiento
6296,2880,Entrenamiento
6297,396,Entrenamiento
6298,2881,Entrenamiento
6299,2499,Entrenamiento
6300,2882,Entrenamiento
6301,2883,Entrenamiento
6302,112,Entrenamiento
6303,1470,Entrenamiento
6304,2884,Entrenamiento
6305,2885,Entrenamiento
6306,2886,Validacion
6307,2887,Entrenamiento
6308,2888,Entrenamiento
6309,2270,Entrenamiento
6310,671,Entrenamiento
6311,2889,Entrenamiento
6312,2890,Validacion
6313,2891,Entrenamiento
6314,2892,Validacion
6315,2188,Entrenamiento
6316,2893,Prueba
6317,2894,Entrenamiento
6318,2895,Entrenamiento
6319,2896,Entrenamiento
6320,2897,Entrenamiento
6321,2898,Entrenamiento
6322,2899,Prueba
6323,2900,Entrenamiento
6324,2901,Entrenamiento
6325,2902,Validacion
6326,2903,Entrenamiento
6327,2904,Entrenamiento
6328,2905,Validacion
6329,2906,Entrenamiento
6330,2907,Entrenamiento
6331,2272,Prueba
6332,2908,Validacion
6333,2909,Entrenamiento
6334,2910,Validacion
6335,2911,Entrenamiento
6336,2159,Entrenamiento
6337,2309,Entrenamiento
6338,2912,Entrenamiento
6339,2913,Entrenamiento
6340,2803,Validacion
6341,2914,Entrenamiento
6342,2915,Entrenamiento
6343,2441,Prueba
6344,2916,Entrenamiento
6345,2367,Entrenamiento
6346,2601,Entrenamiento
6347,2917,Prueba
6348,2918,Entrenamiento
6349,1148,Entrenamiento
6350,2919,Entrenamiento
6351,2197,Validacion
6352,2920,Entrenamiento
6353,2921,Validacion
6354,449,Entrenamiento
6355,2922,Entrenamiento
6356,2923,Entrenamiento
6357,2924,Prueba
6358,2925,Validacion
6359,2926,Validacion
6360,2752,Entrenamiento
6361,2825,Entrenamiento
6362,2927,Validacion
6363,2928,Entrenamiento
6364,2929,Entrenamiento
6365,2930,Entrenamiento
6366,2309,Entrenamiento
6367,2931,Entrenamiento
6368,2466,Entrenamiento
6369,2160,Entrenamiento
6370,2932,Validacion
6371,2933,Entrenamiento
6372,2934,Entrenamiento
6373,2924,Prueba
6374,2935,Entrenamiento
6375,2936,Entrenamiento
6376,2937,Prueba
6377,2938,Entrenamiento
6378,2939,Entrenamiento
6379,2940,Prueba
6380,2941,Prueba
6381,2942,Prueba
6382,2943,Validacion
6383,2944,Validacion
6384,2945,Entrenamiento
6385,2946,Entrenamiento
6386,2837,Entrenamiento
6387,2387,Validacion
6388,2607,Validacion
6389,2947,Entrenamiento
6390,2948,Entrenamiento
6391,2949,Entrenamiento
6392,2077,Validacion
6393,2950,Entrenamiento
6394,2951,Prueba
6395,2952,Prueba
6396,2953,Entrenamiento
6397,2718,Prueba
6398,2954,Validacion
6399,812,Validacion
6400,2339,Validacion
6401,2955,Validacion
6402,2956,Entrenamiento
6403,2655,Entrenamiento
6404,2957,Validacion
6405,2958,Entrenamiento
6406,2959,Entrenamiento
6407,2538,Entrenamiento
6408,2242,Entrenamiento
6409,2960,Entrenamiento
6410,2961,Entrenamiento
6411,2962,Entrenamiento
6412,2963,Validacion
6413,2964,Entrenamiento
6414,2073,Entrenamiento
6415,2965,Entrenamiento
6416,2966,Entrenamiento
6417,2367,Entrenamiento
6418,2723,Entrenamiento
6419,2967,Entrenamiento
6420,2968,Entrenamiento
6421,2474,Entrenamiento
6422,2969,Entrenamiento
6423,2970,Entrenamiento
6424,2971,Entrenamiento
6425,2222,Validacion
6426,2687,Entrenamiento
6427,2972,Prueba
6428,2973,Entrenamiento
6429,2974,Entrenamiento
6430,2975,Entrenamiento
6431,2976,Entrenamiento
6432,2977,Entrenamiento
6433,2978,Entrenamiento
6434,2979,Entrenamiento
6435,2968,Entrenamiento
6436,2980,Entrenamiento
6437,2981,Entrenamiento
6438,2982,Entrenamiento
6439,2844,Entrenamiento
6440,2983,Entrenamiento
6441,2984,Entrenamiento
6442,2985,Entrenamiento
6443,2986,Validacion
6444,2987,Entrenamiento
6445,2988,Prueba
6446,2989,Entrenamiento
6447,2519,Entrenamiento
6448,2990,Entrenamiento
6449,2991,Entrenamiento
6450,2992,Entrenamiento
6451,2993,Entrenamiento
6452,2026,Entrenamiento
6453,2688,Entrenamiento
6454,2994,Entrenamiento
6455,2995,Prueba
6456,2996,Entrenamiento
6457,2997,Entrenamiento
6458,2759,Prueba
6459,2998,Validacion
6460,2605,Entrenamiento
6461,2999,Entrenamiento
6462,3000,Entrenamiento
6463,3001,Entrenamiento
6464,3002,Prueba
6465,3003,Entrenamiento
6466,210,Validacion
6467,2021,Entrenamiento
6468,2886,Validacion
6469,265,Entrenamiento
6470,3004,Entrenamiento
6471,3005,Entrenamiento
6472,3006,Entrenamiento
6473,2930,Entrenamiento
6474,3007,Entrenamiento
6475,3008,Prueba
6476,3009,Entrenamiento
6477,3010,Entrenamiento
6478,2332,Entrenamiento
6479,2708,Entrenamiento
6480,3011,Entrenamiento
6481,189,Entrenamiento
6482,3012,Entrenamiento
6483,3013,Entrenamiento
6484,3014,Entrenamiento
6485,2259,Prueba
6486,2663,Entrenamiento
6487,3015,Entrenamiento
6488,3016,Entrenamiento
6489,3017,Validacion
6490,2847,Entrenamiento
6491,2646,Prueba
6492,3018,Entrenamiento
6493,3019,Entrenamiento
6494,2673,Prueba
6495,3020,Entrenamiento
6496,3021,Entrenamiento
6497,3022,Entrenamiento
6498,2708,Entrenamiento
6499,2822,Entrenamiento
6500,905,Entrenamiento
6501,2563,Entrenamiento
6502,3023,Prueba
6503,3024,Entrenamiento
6504,3025,Entrenamiento
6505,3026,Prueba
6506,2551,Entrenamiento
6507,3027,Entrenamiento
6508,3028,Entrenamiento
6509,3029,Entrenamiento
6510,3030,Entrenamiento
6511,3031,Entrenamiento
6512,3032,Entrenamiento
6513,3033,Validacion
6514,3034,Entrenamiento
6515,3035,Entrenamiento
6516,3036,Entrenamiento
6517,3037,Entrenamiento
6518,3038,Entrenamiento
6519,3039,Validacion
6520,3040,Entrenamiento
6521,3041,Entrenamiento
6522,3042,Entrenamiento
6523,2506,Entrenamiento
6524,3043,Prueba
6525,3044,Validacion
6526,3045,Entrenamiento
6527,2448,Entrenamiento
6528,3046,Entrenamiento
6529,2774,Entrenamiento
6530,2876,Prueba
6531,3047,Entrenamiento
6532,2195,Prueba
6533,3048,Validacion
6534,2576,Entrenamiento
6535,3049,Validacion
6536,3050,Prueba
6537,1014,Entrenamiento
6538,3051,Entrenamiento
6539,3052,Entrenamiento
6540,3053,Entrenamiento
6541,2674,Entrenamiento
6542,2530,Entrenamiento
6543,2604,Entrenamiento
6544,3054,Entrenamiento
6545,3055,Entrenamiento
6546,2883,Entrenamiento
6547,1998,Entrenamiento
6548,3056,Entrenamiento
6549,396,Entrenamiento
6550,3057,Entrenamiento
6551,3058,Entrenamiento
6552,3059,Entrenamiento
6553,3060,Entrenamiento
6554,108,Entrenamiento
6555,812,Validacion
6556,3061,Entrenamiento
6557,3062,Entrenamiento
6558,3063,Entrenamiento
6559,3064,Prueba
6560,3065,Prueba
6561,3066,Prueba
6562,2546,Entrenamiento
6563,3067,Entrenamiento
6564,2680,Prueba
6565,2243,Entrenamiento
6566,3068,Entrenamiento
6567,3069,Entrenamiento
6568,3070,Validacion
6569,2637,Entrenamiento
6570,2268,Validacion
6571,3071,Entrenamiento
6572,3072,Entrenamiento
6573,2578,Entrenamiento
6574,3073,Entrenamiento
6575,3074,Validacion
6576,3075,Validacion
6577,3076,Prueba
6578,3003,Entrenamiento
6579,3077,Prueba
6580,1981,Entrenamiento
6581,3078,Entrenamiento
6582,3079,Entrenamiento
6583,2917,Prueba
6584,1998,Entrenamiento
6585,3080,Entrenamiento
6586,2169,Entrenamiento
6587,2140,Entrenamiento
6588,3081,Entrenamiento
6589,2350,Validacion
6590,3082,Entrenamiento
6591,3083,Entrenamiento
6592,2197,Validacion
6593,3084,Entrenamiento
6594,3085,Prueba
6595,3086,Entrenamiento
6596,2120,Entrenamiento
6597,3087,Entrenamiento
6598,3088,Entrenamiento
6599,3089,Validacion
6600,3090,Prueba
6601,2316,Validacion
6602,276,Entrenamiento
6603,2234,Entrenamiento
6604,3091,Entrenamiento
6605,3092,Entrenamiento
6606,3093,Entrenamiento
6607,3094,Entrenamiento
6608,3095,Entrenamiento
6609,3008,Prueba
6610,3096,Entrenamiento
6611,3097,Entrenamiento
6612,3098,Prueba
6613,3099,Entrenamiento
6614,3100,Validacion
6615,3101,Validacion
6616,596,Validacion
6617,3102,Entrenamiento
6618,3103,Validacion
6619,2270,Entrenamiento
6620,3104,Entrenamiento
6621,3105,Prueba
6622,3106,Validacion
6623,3107,Prueba
6624,3108,Entrenamiento
6625,1480,Validacion
6626,3109,Entrenamiento
6627,3110,Entrenamiento
6628,3111,Entrenamiento
6629,2356,Entrenamiento
6630,3112,Entrenamiento
6631,3113,Entrenamiento
6632,3114,Entrenamiento
6633,3115,Entrenamiento
6634,3116,Entrenamiento
6635,3117,Entrenamiento
6636,942,Entrenamiento
6637,3118,Entrenamiento
6638,3119,Validacion
6639,3120,Entrenamiento
6640,3121,Validacion
6641,3122,Entrenamiento
6642,3123,Entrenamiento
6643,3124,Entrenamiento
6644,3125,Validacion
6645,3126,Validacion
6646,3127,Entrenamiento
6647,588,Entrenamiento
6648,3128,Entrenamiento
6649,3129,Prueba
6650,3130,Prueba
6651,3131,Entrenamiento
6652,3132,Prueba
6653,3133,Entrenamiento
6654,3134,Entrenamiento
6655,3135,Entrenamiento
6656,2546,Entrenamiento
6657,3136,Entrenamiento
6658,3137,Entrenamiento
6659,3138,Entrenamiento
6660,3139,Entrenamiento
6661,2652,Entrenamiento
6662,2779,Entrenamiento
6663,2023,Entrenamiento
6664,3140,Entrenamiento
6665,3141,Entrenamiento
6666,215,Entrenamiento
6667,3142,Prueba
6668,3143,Prueba
6669,3144,Entrenamiento
6670,3145,Prueba
6671,3146,Entrenamiento
6672,3147,Entrenamiento
6673,2508,Entrenamiento
6674,3148,Entrenamiento
6675,3149,Prueba
6676,2768,Entrenamiento
6677,3150,Entrenamiento
6678,3151,Entrenamiento
6679,3152,Entrenamiento
6680,3153,Prueba
6681,3154,Entrenamiento
6682,942,Entrenamiento
6683,3155,Entrenamiento
6684,3156,Entrenamiento
6685,3157,Entrenamiento
6686,3155,Entrenamiento
6687,3158,Validacion
6688,126,Entrenamiento
6689,2931,Entrenamiento
6690,3159,Entrenamiento
6691,3160,Entrenamiento
6692,3161,Entrenamiento
6693,596,Validacion
6694,3162,Prueba
6695,2036,Entrenamiento
6696,3163,Validacion
6697,2747,Entrenamiento
6698,3164,Entrenamiento
6699,3165,Prueba
6700,3166,Prueba
6701,3167,Entrenamiento
6702,3168,Entrenamiento
6703,2366,Entrenamiento
6704,3169,Entrenamiento
6705,3170,Entrenamiento
6706,3048,Validacion
6707,3171,Entrenamiento
6708,3172,Entrenamiento
6709,3173,Entrenamiento
6710,3174,Entrenamiento
6711,3175,Entrenamiento
6712,3176,Entrenamiento
6713,3177,Entrenamiento
6714,3178,Entrenamiento
6715,3179,Entrenamiento
6716,3180,Entrenamiento
6717,3181,Prueba
6718,3182,Validacion
6719,3183,Entrenamiento
6720,3184,Prueba
6721,3185,Validacion
6722,2356,Entrenamiento
6723,2981,Entrenamiento
6724,3186,Entrenamiento
6725,3187,Validacion
6726,3188,Entrenamiento
6727,890,Entrenamiento
6728,3189,Entrenamiento
6729,3190,Entrenamiento
6730,3191,Entrenamiento
6731,2719,Entrenamiento
6732,3088,Entrenamiento
6733,3192,Entrenamiento
6734,3193,Entrenamiento
6735,3117,Entrenamiento
6736,3194,Validacion
6737,3195,Validacion
6738,2064,Entrenamiento
6739,3196,Validacion
6740,3197,Validacion
6741,2832,Entrenamiento
6742,3198,Entrenamiento
6743,3199,Entrenamiento
6744,3200,Entrenamiento
6745,3201,Entrenamiento
6746,3202,Entrenamiento
6747,3203,Entrenamiento
6748,3204,Entrenamiento
6749,3205,Entrenamiento
6750,3206,Entrenamiento
6751,3207,Entrenamiento
6752,3208,Entrenamiento
6753,3209,Entrenamiento
6754,3210,Entrenamiento
6755,3211,Validacion
6756,3212,Entrenamiento
6757,3213,Entrenamiento
6758,3214,Validacion
6759,3215,Entrenamiento
6760,3216,Entrenamiento
6761,3217,Entrenamiento
6762,3218,Entrenamiento
6763,3219,Entrenamiento
6764,3220,Entrenamiento
6765,2497,Entrenamiento
6766,553,Validacion
6767,3221,Validacion
6768,3222,Entrenamiento
6769,3223,Entrenamiento
6770,3224,Entrenamiento
6771,3225,Entrenamiento
6772,3226,Prueba
6773,3227,Entrenamiento
6774,2897,Entrenamiento
6775,3228,Entrenamiento
6776,3229,Entrenamiento
6777,2194,Entrenamiento
6778,3093,Entrenamiento
6779,3230,Entrenamiento
6780,2138,Validacion
6781,3231,Entrenamiento
6782,3232,Entrenamiento
6783,3233,Entrenamiento
6784,3234,Entrenamiento
6785,3235,Entrenamiento
6786,336,Validacion
6787,3236,Entrenamiento
6788,3237,Prueba
6789,3238,Entrenamiento
6790,3239,Entrenamiento
6791,3240,Validacion
6792,2448,Entrenamiento
6793,2725,Entrenamiento
6794,2270,Entrenamiento
6795,2609,Prueba
6796,3241,Entrenamiento
6797,3242,Entrenamiento
6798,3243,Entrenamiento
6799,2658,Validacion
6800,3244,Entrenamiento
6801,3245,Prueba
6802,3246,Entrenamiento
6803,3247,Prueba
6804,3248,Validacion
6805,3249,Entrenamiento
6806,3250,Entrenamiento
6807,3251,Entrenamiento
6808,3252,Prueba
6809,3253,Validacion
6810,3254,Entrenamiento
6811,3255,Entrenamiento
6812,3256,Entrenamiento
6813,3122,Entrenamiento
6814,1998,Entrenamiento
6815,3257,Entrenamiento
6816,3258,Entrenamiento
6817,3259,Validacion
6818,3260,Validacion
6819,3261,Entrenamiento
6820,3262,Entrenamiento
6821,3263,Validacion
6822,3264,Entrenamiento
6823,3265,Entrenamiento
6824,3266,Entrenamiento
6825,3267,Entrenamiento
6826,3268,Prueba
6827,3269,Prueba
6828,201,Entrenamiento
6829,3270,Entrenamiento
6830,2480,Prueba
6831,3271,Entrenamiento
6832,2947,Entrenamiento
6833,3272,Entrenamiento
6834,3273,Entrenamiento
6835,3274,Validacion
6836,3275,Entrenamiento
6837,3276,Entrenamiento
6838,3277,Entrenamiento
6839,3278,Entrenamiento
6840,2077,Validacion
6841,3279,Entrenamiento
6842,3280,Entrenamiento
6843,2846,Entrenamiento
6844,3281,Entrenamiento
6845,3282,Prueba
6846,3283,Entrenamiento
6847,2705,Validacion
6848,3260,Validacion
6849,2788,Entrenamiento
6850,3284,Entrenamiento
6851,2472,Entrenamiento
6852,3285,Validacion
6853,2662,Validacion
6854,3286,Prueba
6855,3287,Entrenamiento
6856,2234,Entrenamiento
6857,3288,Entrenamiento
6858,3289,Entrenamiento
6859,2401,Entrenamiento
6860,3290,Prueba
6861,3291,Entrenamiento
6862,3166,Prueba
6863,2383,Entrenamiento
6864,3292,Entrenamiento
6865,3293,Entrenamiento
6866,2925,Validacion
6867,2601,Entrenamiento
6868,3294,Entrenamiento
6869,3295,Validacion
6870,3296,Validacion
6871,2128,Entrenamiento
6872,2724,Entrenamiento
6873,3297,Prueba
6874,3298,Entrenamiento
6875,3299,Entrenamiento
6876,3300,Entrenamiento
6877,507,Validacion
6878,3301,Entrenamiento
6879,3302,Entrenamiento
6880,3303,Prueba
6881,3304,Entrenamiento
6882,2657,Entrenamiento
6883,3305,Entrenamiento
6884,3306,Prueba
6885,2767,Entrenamiento
6886,3307,Entrenamiento
6887,3308,Prueba
6888,3309,Prueba
6889,3310,Entrenamiento
6890,3311,Prueba
6891,2339,Validacion
6892,3312,Entrenamiento
6893,3313,Prueba
6894,3314,Entrenamiento
6895,2911,Entrenamiento
6896,3315,Entrenamiento
6897,3316,Entrenamiento
6898,3060,Entrenamiento
6899,3317,Validacion
6900,3318,Prueba
6901,3319,Entrenamiento
6902,3222,Entrenamiento
6903,3320,Entrenamiento
6904,3321,Entrenamiento
6905,2635,Entrenamiento
6906,3322,Entrenamiento
6907,3323,Validacion
6908,2842,Validacion
6909,3223,Entrenamiento
6910,3324,Entrenamiento
6911,2506,Entrenamiento
6912,2478,Entrenamiento
6913,3325,Entrenamiento
6914,3326,Entrenamiento
6915,3327,Entrenamiento
6916,3328,Entrenamiento
6917,2850,Entrenamiento
6918,2373,Entrenamiento
6919,3329,Entrenamiento
6920,2123,Entrenamiento
6921,2200,Entrenamiento
6922,3330,Entrenamiento
6923,2571,Validacion
6924,2711,Entrenamiento
6925,3331,Entrenamiento
6926,3332,Validacion
6927,905,Entrenamiento
6928,3333,Entrenamiento
6929,3334,Prueba
6930,3335,Entrenamiento
6931,3336,Entrenamiento
6932,3337,Prueba
6933,3338,Entrenamiento
6934,3339,Entrenamiento
6935,2663,Entrenamiento
6936,2330,Validacion
6937,3340,Validacion
6938,3228,Entrenamiento
6939,3341,Entrenamiento
6940,3342,Entrenamiento
6941,3343,Entrenamiento
6942,3344,Entrenamiento
6943,3345,Entrenamiento
6944,3155,Entrenamiento
6945,3346,Entrenamiento
6946,3347,Entrenamiento
6947,2643,Entrenamiento
6948,2712,Entrenamiento
6949,3348,Entrenamiento
6950,3349,Validacion
6951,3350,Entrenamiento
6952,2290,Entrenamiento
6953,3351,Entrenamiento
6954,3352,Entrenamiento
6955,3353,Entrenamiento
6956,2820,Entrenamiento
6957,742,Validacion
6958,2618,Entrenamiento
6959,3354,Entrenamiento
6960,2334,Entrenamiento
6961,2551,Entrenamiento
6962,3355,Entrenamiento
6963,3356,Entrenamiento
6964,3357,Entrenamiento
6965,2449,Entrenamiento
6966,3358,Entrenamiento
6967,3359,Entrenamiento
6968,3360,Prueba
6969,2270,Entrenamiento
6970,3361,Entrenamiento
6971,2519,Entrenamiento
6972,2616,Entrenamiento
6973,3362,Entrenamiento
6974,3363,Entrenamiento
6975,3364,Entrenamiento
6976,2270,Entrenamiento
6977,2282,Entrenamiento
6978,3365,Prueba
6979,826,Entrenamiento
6980,3366,Entrenamiento
6981,3367,Entrenamiento
6982,3368,Entrenamiento
6983,3369,Entrenamiento
6984,3370,Entrenamiento
6985,3371,Entrenamiento
6986,3372,Entrenamiento
6987,2662,Validacion
6988,3373,Entrenamiento
6989,3374,Entrenamiento
6990,3375,Validacion
6991,3293,Entrenamiento
6992,3084,Entrenamiento
6993,3376,Entrenamiento
6994,3377,Entrenamiento
6995,2838,Entrenamiento
6996,3378,Prueba
6997,3379,Prueba
6998,3228,Entrenamiento
6999,2612,Entrenamiento
7000,3380,Entrenamiento
7001,3346,Entrenamiento
7002,2090,Entrenamiento
7003,3381,Entrenamiento
7004,3268,Prueba
7005,3382,Entrenamiento
7006,2321,Prueba
7007,3383,Entrenamiento
7008,3384,Validacion
7009,3385,Entrenamiento
7010,2304,Prueba
7011,3386,Validacion
7012,3030,Entrenamiento
7013,2322,Entrenamiento
7014,1981,Entrenamiento
7015,3387,Entrenamiento
7016,2998,Validacion
7017,2552,Entrenamiento
7018,1888,Prueba
7019,3388,Entrenamiento
7020,3150,Entrenamiento
7021,2851,Entrenamiento
7022,3389,Entrenamiento
7023,3390,Entrenamiento
7024,3391,Entrenamiento
7025,3392,Entrenamiento
7026,3393,Prueba
7027,2514,Entrenamiento
7028,3394,Entrenamiento
7029,2751,Entrenamiento
7030,3395,Entrenamiento
7031,3354,Entrenamiento
7032,3396,Prueba
7033,3397,Entrenamiento
7034,2504,Entrenamiento
7035,3398,Prueba
7036,3399,Entrenamiento
7037,3400,Entrenamiento
7038,3401,Entrenamiento
7039,3402,Prueba
7040,3403,Entrenamiento
7041,3404,Validacion
7042,3093,Entrenamiento
7043,3405,Prueba
7044,3406,Entrenamiento
7045,3407,Prueba
7046,3408,Validacion
7047,3409,Validacion
7048,3410,Entrenamiento
7049,3411,Prueba
7050,3412,Entrenamiento
7051,2914,Entrenamiento
7052,2351,Prueba
7053,3413,Validacion
7054,3414,Entrenamiento
7055,3415,Entrenamiento
7056,2787,Prueba
7057,2842,Validacion
7058,2989,Entrenamiento
7059,3416,Entrenamiento
7060,3417,Entrenamiento
7061,3418,Entrenamiento
7062,3419,Entrenamiento
7063,3420,Entrenamiento
7064,3385,Entrenamiento
7065,3421,Entrenamiento
7066,3422,Entrenamiento
7067,3423,Entrenamiento
7068,3424,Entrenamiento
7069,3425,Validacion
7070,2457,Prueba
7071,2249,Entrenamiento
7072,3426,Validacion
7073,2755,Entrenamiento
7074,3427,Entrenamiento
7075,3428,Validacion
7076,3429,Entrenamiento
7077,2404,Validacion
7078,2403,Entrenamiento
7079,3284,Entrenamiento
7080,983,Entrenamiento
7081,3430,Entrenamiento
7082,3431,Prueba
7083,3432,Entrenamiento
7084,2078,Entrenamiento
7085,3433,Validacion
7086,3434,Entrenamiento
7087,3212,Entrenamiento
7088,3435,Validacion
7089,2194,Entrenamiento
7090,2874,Validacion
7091,3436,Entrenamiento
7092,3437,Validacion
7093,3438,Validacion
7094,3439,Entrenamiento
7095,3440,Entrenamiento
7096,3441,Entrenamiento
7097,3442,Prueba
7098,3190,Entrenamiento
7099,3443,Entrenamiento
7100,2740,Entrenamiento
7101,3444,Entrenamiento
7102,3445,Entrenamiento
7103,3446,Entrenamiento
7104,3405,Prueba
7105,3090,Prueba
7106,3447,Entrenamiento
7107,3069,Entrenamiento
7108,2187,Prueba
7109,3448,Entrenamiento
7110,2652,Entrenamiento
7111,3449,Entrenamiento
7112,3450,Entrenamiento
7113,3451,Entrenamiento
7114,3452,Entrenamiento
7115,3453,Entrenamiento
7116,2194,Entrenamiento
7117,3339,Entrenamiento
7118,2453,Entrenamiento
7119,2677,Entrenamiento
7120,3454,Validacion
7121,2339,Validacion
7122,3455,Validacion
7123,3456,Entrenamiento
7124,2433,Entrenamiento
7125,3457,Entrenamiento
7126,3458,Entrenamiento
7127,3459,Prueba
7128,2240,Entrenamiento
7129,3460,Prueba
7130,3461,Entrenamiento
7131,3184,Prueba
7132,3462,Entrenamiento
7133,3463,Entrenamiento
7134,3464,Entrenamiento
7135,2814,Entrenamiento
7136,3438,Validacion
7137,3088,Entrenamiento
7138,3465,Entrenamiento
7139,3304,Entrenamiento
7140,2620,Entrenamiento
7141,2433,Entrenamiento
7142,449,Entrenamiento
7143,3466,Entrenamiento
7144,3467,Validacion
7145,3221,Validacion
7146,3468,Prueba
7147,3030,Entrenamiento
7148,3469,Validacion
7149,2697,Entrenamiento
7150,2961,Entrenamiento
7151,3470,Entrenamiento
7152,3471,Validacion
7153,3472,Entrenamiento
7154,3473,Entrenamiento
7155,1095,Validacion
7156,3474,Entrenamiento
7157,3475,Entrenamiento
7158,568,Prueba
7159,3430,Entrenamiento
7160,3476,Entrenamiento
7161,3477,Entrenamiento
7162,522,Entrenamiento
7163,3478,Entrenamiento
7164,3476,Entrenamiento
7165,3479,Validacion
7166,3480,Prueba
7167,3481,Entrenamiento
7168,3482,Entrenamiento
7169,3483,Prueba
7170,3484,Entrenamiento
7171,3335,Entrenamiento
7172,2658,Validacion
7173,3485,Entrenamiento
7174,3486,Entrenamiento
7175,3020,Entrenamiento
7176,3487,Entrenamiento
7177,2169,Entrenamiento
7178,2903,Entrenamiento
7179,3329,Entrenamiento
7180,3488,Validacion
7181,3489,Entrenamiento
7182,3305,Entrenamiento
7183,3490,Entrenamiento
7184,3491,Prueba
7185,182,Entrenamiento
7186,3044,Validacion
7187,3492,Entrenamiento
7188,3493,Validacion
7189,3494,Validacion
7190,3495,Entrenamiento
7191,3496,Entrenamiento
7192,3497,Validacion
7193,3347,Entrenamiento
7194,3498,Entrenamiento
7195,2987,Entrenamiento
7196,3499,Entrenamiento
7197,3500,Entrenamiento
7198,3501,Prueba
7199,2867,Prueba
7200,3502,Entrenamiento
7201,2988,Prueba
7202,3503,Entrenamiento
7203,3162,Prueba
7204,3504,Entrenamiento
7205,3505,Entrenamiento
7206,3506,Entrenamiento
7207,3507,Entrenamiento
7208,2349,Entrenamiento
7209,2747,Entrenamiento
7210,3508,Entrenamiento
7211,3509,Prueba
7212,3510,Entrenamiento
7213,280,Entrenamiento
7214,3511,Entrenamiento
7215,3512,Entrenamiento
7216,2161,Entrenamiento
7217,3126,Validacion
7218,3513,Entrenamiento
7219,622,Prueba
7220,280,Entrenamiento
7221,3514,Entrenamiento
7222,3515,Entrenamiento
7223,3516,Validacion
7224,3517,Entrenamiento
7225,3518,Entrenamiento
7226,3519,Entrenamiento
7227,3520,Prueba
7228,2445,Prueba
7229,3521,Entrenamiento
7230,442,Entrenamiento
7231,3522,Entrenamiento
7232,2599,Entrenamiento
7233,3523,Validacion
7234,3524,Entrenamiento
7235,3525,Entrenamiento
7236,3526,Entrenamiento
7237,2859,Prueba
7238,3439,Entrenamiento
7239,3527,Entrenamiento
7240,3528,Validacion
7241,2490,Entrenamiento
7242,3529,Prueba
7243,3389,Entrenamiento
7244,3530,Entrenamiento
7245,3531,Entrenamiento
7246,2545,Entrenamiento
7247,3031,Entrenamiento
7248,3532,Prueba
7249,3533,Entrenamiento
7250,3534,Entrenamiento
7251,3535,Validacion
7252,826,Entrenamiento
7253,3536,Entrenamiento
7254,2868,Validacion
7255,3537,Entrenamiento
7256,2750,Prueba
7257,25,Entrenamiento
7258,3538,Entrenamiento
7259,3539,Entrenamiento
7260,3540,Prueba
7261,3541,Validacion
7262,3542,Entrenamiento
7263,3543,Validacion
7264,3115,Entrenamiento
7265,2668,Entrenamiento
7266,3544,Prueba
7267,3545,Prueba
7268,3546,Entrenamiento
7269,3056,Entrenamiento
7270,3547,Entrenamiento
7271,3548,Entrenamiento
7272,2373,Entrenamiento
7273,3549,Entrenamiento
7274,3550,Entrenamiento
7275,3551,Entrenamiento
7276,3552,Validacion
7277,3388,Entrenamiento
7278,3553,Entrenamiento
7279,3554,Entrenamiento
7280,3555,Prueba
7281,3248,Validacion
7282,3556,Entrenamiento
7283,3557,Validacion
7284,2225,Validacion
7285,3558,Prueba
7286,3450,Entrenamiento
7287,3559,Entrenamiento
7288,3560,Validacion
7289,3561,Entrenamiento
7290,2560,Entrenamiento
7291,3562,Entrenamiento
7292,3339,Entrenamiento
7293,3563,Entrenamiento
7294,2603,Validacion
7295,2739,Entrenamiento
7296,3564,Entrenamiento
7297,3565,Validacion
7298,3566,Entrenamiento
7299,2711,Entrenamiento
7300,3512,Entrenamiento
7301,2017,Entrenamiento
7302,3022,Entrenamiento
7303,3265,Entrenamiento
7304,3567,Validacion
7305,3328,Entrenamiento
7306,1942,Validacion
7307,3568,Entrenamiento
7308,3099,Entrenamiento
7309,3569,Entrenamiento
7310,3003,Entrenamiento
7311,3290,Prueba
7312,3570,Entrenamiento
7313,2888,Entrenamiento
7314,3571,Entrenamiento
7315,3572,Entrenamiento
7316,2641,Prueba
7317,2580,Entrenamiento
7318,3573,Entrenamiento
7319,3431,Prueba
7320,3188,Entrenamiento
7321,3339,Entrenamiento
7322,3574,Validacion
7323,3559,Entrenamiento
7324,2052,Entrenamiento
7325,3575,Entrenamiento
7326,3576,Entrenamiento
7327,3441,Entrenamiento
7328,3577,Entrenamiento
7329,3093,Entrenamiento
7330,3578,Entrenamiento
7331,3579,Entrenamiento
7332,2915,Entrenamiento
7333,2936,Entrenamiento
7334,3580,Validacion
7335,3581,Entrenamiento
7336,3582,Entrenamiento
7337,3583,Entrenamiento
7338,3425,Validacion
7339,3584,Entrenamiento
7340,3585,Prueba
7341,2498,Prueba
7342,3586,Entrenamiento
7343,645,Entrenamiento
7344,3587,Entrenamiento
7345,3588,Entrenamiento
7346,3589,Validacion
7347,3590,Validacion
7348,3591,Entrenamiento
7349,3592,Validacion
7350,3593,Prueba
7351,2972,Prueba
7352,3594,Entrenamiento
7353,3595,Entrenamiento
7354,3596,Entrenamiento
7355,3597,Entrenamiento
7356,3598,Entrenamiento
7357,3599,Entrenamiento
7358,3600,Entrenamiento
7359,3601,Validacion
7360,2234,Entrenamiento
7361,3602,Entrenamiento
7362,3603,Validacion
7363,3604,Entrenamiento
7364,3605,Validacion
7365,3606,Validacion
7366,3607,Entrenamiento
7367,2665,Entrenamiento
7368,2023,Entrenamiento
7369,3440,Entrenamiento
7370,3608,Entrenamiento
7371,3609,Entrenamiento
7372,2452,Entrenamiento
7373,1302,Validacion
7374,2843,Prueba
7375,3610,Entrenamiento
7376,581,Entrenamiento
7377,3611,Validacion
7378,2456,Entrenamiento
7379,3612,Entrenamiento
7380,3613,Entrenamiento
7381,3426,Validacion
7382,3614,Entrenamiento
7383,3615,Prueba
7384,3616,Entrenamiento
7385,3617,Prueba
7386,3618,Prueba
7387,3619,Entrenamiento
7388,2055,Entrenamiento
7389,3620,Validacion
7390,3621,Entrenamiento
7391,376,Validacion
7392,3622,Validacion
7393,1302,Validacion
7394,2352,Entrenamiento
7395,2300,Entrenamiento
7396,2386,Entrenamiento
7397,2398,Entrenamiento
7398,3623,Entrenamiento
7399,3624,Entrenamiento
7400,3625,Entrenamiento
7401,3626,Prueba
7402,2268,Validacion
7403,2056,Entrenamiento
7404,2586,Validacion
7405,3627,Entrenamiento
7406,3313,Prueba
7407,3628,Entrenamiento
7408,3629,Entrenamiento
7409,3630,Entrenamiento
7410,3631,Entrenamiento
7411,3632,Prueba
7412,3271,Entrenamiento
7413,3356,Entrenamiento
7414,2367,Entrenamiento
7415,3602,Entrenamiento
7416,3633,Entrenamiento
7417,2807,Validacion
7418,3634,Prueba
7419,3635,Entrenamiento
7420,3636,Entrenamiento
7421,3228,Entrenamiento
7422,3637,Entrenamiento
7423,3638,Entrenamiento
7424,3639,Entrenamiento
7425,2620,Entrenamiento
7426,3640,Entrenamiento
7427,3641,Validacion
7428,3601,Validacion
7429,3642,Entrenamiento
7430,3103,Validacion
7431,3643,Entrenamiento
7432,3065,Prueba
7433,3644,Entrenamiento
7434,3645,Entrenamiento
7435,3646,Entrenamiento
7436,2017,Entrenamiento
7437,3647,Entrenamiento
7438,2624,Entrenamiento
7439,3648,Entrenamiento
7440,2027,Entrenamiento
7441,3064,Prueba
7442,3632,Prueba
7443,3047,Entrenamiento
7444,3649,Entrenamiento
7445,3557,Validacion
7446,3650,Entrenamiento
7447,3651,Validacion
7448,1031,Entrenamiento
7449,3652,Entrenamiento
7450,3444,Entrenamiento
7451,2017,Entrenamiento
7452,3653,Entrenamiento
7453,2715,Validacion
7454,3654,Entrenamiento
7455,3655,Prueba
7456,2300,Entrenamiento
7457,3656,Prueba
7458,3657,Entrenamiento
7459,2980,Entrenamiento
7460,3658,Prueba
7461,2266,Entrenamiento
7462,2627,Validacion
7463,3659,Validacion
7464,3660,Entrenamiento
7465,3661,Prueba
7466,2801,Entrenamiento
7467,3006,Entrenamiento
7468,3662,Prueba
7469,3663,Entrenamiento
7470,2339,Validacion
7471,3664,Prueba
7472,3665,Entrenamiento
7473,405,Entrenamiento
7474,3666,Prueba
7475,3667,Entrenamiento
7476,3668,Entrenamiento
7477,2848,Entrenamiento
7478,2444,Entrenamiento
7479,3669,Prueba
7480,2952,Prueba
7481,3670,Validacion
7482,2421,Entrenamiento
7483,3644,Entrenamiento
7484,3671,Validacion
7485,3672,Entrenamiento
7486,3673,Entrenamiento
7487,3674,Entrenamiento
7488,3675,Entrenamiento
7489,3676,Entrenamiento
7490,2577,Entrenamiento
7491,3677,Entrenamiento
7492,3678,Validacion
7493,3599,Entrenamiento
7494,3083,Entrenamiento
7495,3054,Entrenamiento
7496,405,Entrenamiento
7497,3679,Entrenamiento
7498,1079,Entrenamiento
7499,3680,Validacion
7500,533,Validacion
7501,3681,Entrenamiento
7502,3682,Entrenamiento
7503,3683,Entrenamiento
7504,241,Entrenamiento
7505,3684,Prueba
7506,3685,Validacion
7507,3686,Entrenamiento
7508,3687,Entrenamiento
7509,3688,Validacion
7510,3689,Validacion
7511,3690,Entrenamiento
7512,2897,Entrenamiento
7513,3691,Prueba
7514,3407,Prueba
7515,3692,Validacion
7516,2649,Entrenamiento
7517,3693,Entrenamiento
7518,3694,Entrenamiento
7519,2895,Entrenamiento
7520,596,Validacion
7521,3349,Validacion
7522,3579,Entrenamiento
7523,3695,Entrenamiento
7524,3494,Validacion
7525,3196,Validacion
7526,2658,Validacion
7527,3696,Entrenamiento
7528,966,Entrenamiento
7529,3078,Entrenamiento
7530,3697,Validacion
7531,2695,Entrenamiento
7532,1998,Entrenamiento
7533,3698,Entrenamiento
7534,348,Entrenamiento
7535,2902,Validacion
7536,3699,Entrenamiento
7537,3700,Prueba
7538,3701,Entrenamiento
7539,265,Entrenamiento
7540,3702,Entrenamiento
7541,3703,Entrenamiento
7542,2311,Entrenamiento
7543,3704,Validacion
7544,3105,Prueba
7545,3705,Prueba
7546,2601,Entrenamiento
7547,3706,Entrenamiento
7548,3707,Entrenamiento
7549,3708,Validacion
7550,3377,Entrenamiento
7551,976,Entrenamiento
7552,3709,Entrenamiento
7553,3710,Entrenamiento
7554,2509,Entrenamiento
7555,3711,Entrenamiento
7556,2723,Entrenamiento
7557,3141,Entrenamiento
7558,2701,Entrenamiento
7559,3712,Entrenamiento
7560,3713,Entrenamiento
7561,3714,Entrenamiento
7562,2080,Validacion
7563,3715,Entrenamiento
7564,3716,Validacion
7565,3717,Prueba
7566,3475,Entrenamiento
7567,3718,Validacion
7568,3707,Entrenamiento
7569,3719,Entrenamiento
7570,3720,Entrenamiento
7571,2539,Entrenamiento
7572,3721,Entrenamiento
7573,2990,Entrenamiento
7574,3286,Prueba
7575,2804,Entrenamiento
7576,3722,Validacion
7577,2258,Entrenamiento
7578,3723,Entrenamiento
7579,3724,Entrenamiento
7580,2863,Entrenamiento
7581,3725,Prueba
7582,3726,Entrenamiento
7583,3727,Entrenamiento
7584,3728,Entrenamiento
7585,3729,Entrenamiento
7586,1532,Entrenamiento
7587,3730,Entrenamiento
7588,3731,Entrenamiento
7589,3732,Prueba
7590,3733,Entrenamiento
7591,1866,Entrenamiento
7592,3734,Prueba
7593,3735,Entrenamiento
7594,1869,Prueba
7595,3736,Entrenamiento
7596,3737,Validacion
7597,3738,Entrenamiento
7598,3739,Validacion
7599,3740,Validacion
7600,2546,Entrenamiento
7601,3741,Entrenamiento
7602,3742,Prueba
7603,3743,Entrenamiento
7604,3744,Entrenamiento
7605,3745,Prueba
7606,3746,Entrenamiento
7607,3747,Entrenamiento
7608,3748,Entrenamiento
7609,3749,Validacion
7610,1885,Entrenamiento
7611,3750,Entrenamiento
7612,3751,Entrenamiento
7613,1888,Prueba
7614,1889,Entrenamiento
7615,1890,Entrenamiento
7616,1891,Prueba
7617,3752,Entrenamiento
7618,1893,Validacion
7619,1894,Prueba
7620,1895,Entrenamiento
7621,3753,Entrenamiento
7622,2218,Entrenamiento
7623,1898,Entrenamiento
7624,3754,Entrenamiento
7625,3755,Entrenamiento
7626,3756,Entrenamiento
7627,538,Prueba
7628,1902,Entrenamiento
7629,1903,Entrenamiento
7630,1904,Entrenamiento
7631,1905,Prueba
7632,1906,Entrenamiento
7633,1907,Validacion
7634,3757,Validacion
7635,983,Entrenamiento
7636,1909,Entrenamiento
7637,3758,Prueba
7638,3759,Validacion
7639,3760,Entrenamiento
7640,1913,Entrenamiento
7641,882,Entrenamiento
7642,3761,Validacion
7643,3762,Entrenamiento
7644,3763,Entrenamiento
7645,2034,Prueba
7646,3764,Prueba
7647,2177,Prueba
7648,3548,Entrenamiento
7649,2971,Entrenamiento
7650,3765,Entrenamiento
7651,3766,Entrenamiento
7652,3767,Entrenamiento
7653,2182,Prueba
7654,2183,Entrenamiento
7655,2184,Entrenamiento
7656,742,Validacion
7657,2185,Entrenamiento
7658,2186,Entrenamiento
7659,2187,Prueba
7660,2172,Entrenamiento
7661,2188,Entrenamiento
7662,2189,Entrenamiento
7663,3768,Entrenamiento
7664,3337,Prueba
7665,2192,Entrenamiento
7666,2193,Entrenamiento
7667,2194,Entrenamiento
7668,2195,Prueba
7669,2139,Entrenamiento
7670,3181,Prueba
7671,2198,Entrenamiento
7672,2199,Entrenamiento
7673,3769,Entrenamiento
7674,3770,Entrenamiento
7675,2452,Entrenamiento
7676,2203,Entrenamiento
7677,3771,Prueba
7678,2024,Entrenamiento
7679,2205,Entrenamiento
7680,3772,Entrenamiento
7681,3773,Validacion
7682,3774,Entrenamiento
7683,2209,Validacion
7684,2081,Entrenamiento
7685,3775,Entrenamiento
7686,2212,Entrenamiento
7687,3776,Entrenamiento
7688,2214,Entrenamiento
7689,2215,Validacion
7690,2216,Entrenamiento
7691,3777,Entrenamiento
7692,3778,Entrenamiento
7693,2219,Entrenamiento
7694,3779,Validacion
7695,2221,Entrenamiento
7696,2222,Validacion
7697,3780,Entrenamiento
7698,2224,Validacion
7699,2225,Validacion
7700,2226,Entrenamiento
7701,2227,Prueba
7702,2228,Entrenamiento
7703,2229,Entrenamiento
7704,3781,Prueba
7705,2231,Entrenamiento
7706,2232,Prueba
7707,3782,Entrenamiento
7708,3783,Entrenamiento
7709,3784,Entrenamiento
7710,2236,Entrenamiento
7711,3785,Entrenamiento
7712,3786,Validacion
7713,3787,Validacion
7714,2240,Entrenamiento
7715,3788,Entrenamiento
7716,2242,Entrenamiento
7717,3789,Prueba
7718,2244,Validacion
7719,2245,Validacion
7720,2246,Entrenamiento
7721,2023,Entrenamiento
7722,3790,Prueba
7723,3791,Entrenamiento
7724,2249,Entrenamiento
7725,3716,Validacion
7726,2519,Entrenamiento
7727,3342,Entrenamiento
7728,3792,Entrenamiento
7729,2522,Entrenamiento
7730,3793,Validacion
7731,3794,Entrenamiento
7732,3795,Entrenamiento
7733,2500,Entrenamiento
7734,2526,Entrenamiento
7735,2527,Entrenamiento
7736,2528,Entrenamiento
7737,2529,Entrenamiento
7738,2530,Entrenamiento
7739,2531,Prueba
7740,2532,Entrenamiento
7741,2874,Validacion
7742,2094,Prueba
7743,3796,Entrenamiento
7744,588,Entrenamiento
7745,2536,Validacion
7746,2477,Validacion
7747,2538,Entrenamiento
7748,575,Entrenamiento
7749,2539,Entrenamiento
7750,2540,Entrenamiento
7751,2414,Entrenamiento
7752,2055,Entrenamiento
7753,2541,Entrenamiento
7754,2309,Entrenamiento
7755,3797,Entrenamiento
7756,2489,Entrenamiento
7757,3798,Entrenamiento
7758,2920,Entrenamiento
7759,2545,Entrenamiento
7760,2546,Entrenamiento
7761,3799,Entrenamiento
7762,2548,Entrenamiento
7763,3800,Validacion
7764,1105,Entrenamiento
7765,2550,Entrenamiento
7766,2551,Entrenamiento
7767,2552,Entrenamiento
7768,2553,Entrenamiento
7769,3801,Validacion
7770,2555,Entrenamiento
7771,2556,Entrenamiento
7772,2557,Entrenamiento
7773,2558,Entrenamiento
7774,2559,Prueba
7775,2560,Entrenamiento
7776,2561,Entrenamiento
7777,2073,Entrenamiento
7778,2562,Entrenamiento
7779,2563,Entrenamiento
7780,2564,Entrenamiento
7781,2565,Entrenamiento
7782,2566,Entrenamiento
7783,2567,Entrenamiento
7784,3802,Validacion
7785,2618,Entrenamiento
7786,3803,Prueba
7787,3804,Entrenamiento
7788,2571,Validacion
7789,3805,Prueba
7790,2573,Entrenamiento
7791,2574,Entrenamiento
7792,2575,Entrenamiento
7793,2576,Entrenamiento
7794,2577,Entrenamiento
7795,2578,Entrenamiento
7796,3806,Entrenamiento
7797,3807,Entrenamiento
7798,3808,Validacion
7799,2017,Entrenamiento
7800,1993,Entrenamiento
7801,3361,Entrenamiento
7802,3809,Prueba
7803,3810,Entrenamiento
7804,3291,Entrenamiento
7805,2797,Entrenamiento
7806,3811,Entrenamiento
7807,3812,Entrenamiento
7808,3496,Entrenamiento
7809,2801,Entrenamiento
7810,3813,Entrenamiento
7811,3404,Validacion
7812,2803,Validacion
7813,2115,Validacion
7814,3814,Entrenamiento
7815,269,Entrenamiento
7816,3815,Validacion
7817,2806,Entrenamiento
7818,2807,Validacion
7819,2808,Entrenamiento
7820,3816,Entrenamiento
7821,2809,Entrenamiento
7822,2723,Entrenamiento
7823,3817,Prueba
7824,3809,Prueba
7825,3818,Entrenamiento
7826,3819,Validacion
7827,3820,Prueba
7828,2814,Entrenamiento
7829,3821,Entrenamiento
7830,2815,Validacion
7831,3822,Prueba
7832,2817,Entrenamiento
7833,3823,Entrenamiento
7834,3824,Prueba
7835,2820,Entrenamiento
7836,2459,Entrenamiento
7837,2821,Entrenamiento
7838,3825,Entrenamiento
7839,2822,Entrenamiento
7840,348,Entrenamiento
7841,3826,Validacion
7842,3827,Entrenamiento
7843,2825,Entrenamiento
7844,3828,Entrenamiento
7845,3829,Entrenamiento
7846,3830,Validacion
7847,3831,Entrenamiento
7848,2455,Entrenamiento
7849,2830,Entrenamiento
7850,2831,Entrenamiento
7851,538,Prueba
7852,2832,Entrenamiento
7853,2229,Entrenamiento
7854,242,Entrenamiento
7855,3832,Entrenamiento
7856,3833,Prueba
7857,3834,Validacion
7858,2367,Entrenamiento
7859,2837,Entrenamiento
7860,2838,Entrenamiento
7861,2839,Entrenamiento
7862,3835,Entrenamiento
7863,2841,Prueba
7864,2309,Entrenamiento
7865,2842,Validacion
7866,3836,Entrenamiento
7867,2844,Entrenamiento
7868,588,Entrenamiento
7869,2845,Validacion
7870,2028,Entrenamiento
7871,2846,Entrenamiento
7872,2847,Entrenamiento
7873,3837,Entrenamiento
7874,3800,Validacion
7875,2849,Entrenamiento
7876,2850,Entrenamiento
7877,2851,Entrenamiento
7878,2761,Entrenamiento
7879,3838,Entrenamiento
7880,2339,Validacion
7881,3839,Entrenamiento
7882,2854,Entrenamiento
7883,3840,Entrenamiento
7884,2273,Prueba
7885,2855,Prueba
7886,2856,Entrenamiento
7887,3841,Entrenamiento
7888,656,Entrenamiento
7889,3842,Prueba
7890,2859,Prueba
7891,2860,Validacion
7892,3560,Validacion
7893,2862,Prueba
7894,2438,Entrenamiento
7895,2863,Entrenamiento
7896,3843,Entrenamiento
7897,2647,Prueba
7898,2865,Entrenamiento
7899,2866,Entrenamiento
7900,2867,Prueba
7901,2488,Validacion
7902,2868,Validacion
7903,2052,Entrenamiento
7904,2869,Entrenamiento
7905,2870,Entrenamiento
7906,2057,Validacion
7907,2871,Entrenamiento
7908,2872,Entrenamiento
7909,3844,Entrenamiento
7910,2874,Validacion
7911,2875,Entrenamiento
7912,1998,Entrenamiento
7913,2876,Prueba
7914,2877,Entrenamiento
7915,3845,Entrenamiento
7916,2662,Validacion
7917,3578,Entrenamiento
7918,2735,Entrenamiento
7919,2880,Entrenamiento
7920,3712,Entrenamiento
7921,2881,Entrenamiento
7922,2499,Entrenamiento
7923,2882,Entrenamiento
7924,3846,Validacion
7925,112,Entrenamiento
7926,1470,Entrenamiento
7927,3847,Entrenamiento
7928,3848,Entrenamiento
7929,2886,Validacion
7930,2887,Entrenamiento
7931,3849,Entrenamiento
7932,2658,Validacion
7933,671,Entrenamiento
7934,3850,Entrenamiento
7935,3851,Entrenamiento
7936,2891,Entrenamiento
7937,2892,Validacion
7938,2188,Entrenamiento
7939,3852,Validacion
7940,2894,Entrenamiento
7941,3853,Entrenamiento
7942,3854,Entrenamiento
7943,3043,Prueba
7944,3153,Prueba
7945,2899,Prueba
7946,2900,Entrenamiento
7947,2901,Entrenamiento
7948,2902,Validacion
7949,2903,Entrenamiento
7950,2904,Entrenamiento
7951,3234,Entrenamiento
7952,3855,Entrenamiento
7953,2907,Entrenamiento
7954,2272,Prueba
7955,2908,Validacion
7956,3490,Entrenamiento
7957,2910,Validacion
7958,814,Entrenamiento
7959,2159,Entrenamiento
7960,3002,Prueba
7961,3856,Entrenamiento
7962,3857,Validacion
7963,2803,Validacion
7964,2914,Entrenamiento
7965,2915,Entrenamiento
7966,2441,Prueba
7967,2454,Entrenamiento
7968,2367,Entrenamiento
7969,2627,Validacion
7970,3858,Prueba
7971,2735,Entrenamiento
7972,1148,Entrenamiento
7973,2919,Entrenamiento
7974,2197,Validacion
7975,942,Entrenamiento
7976,3859,Entrenamiento
7977,449,Entrenamiento
7978,3732,Prueba
7979,3860,Entrenamiento
7980,2924,Prueba
7981,2925,Validacion
7982,2926,Validacion
7983,2752,Entrenamiento
7984,3861,Entrenamiento
7985,3862,Entrenamiento
7986,2928,Entrenamiento
7987,3501,Prueba
7988,3863,Entrenamiento
7989,3038,Entrenamiento
7990,2931,Entrenamiento
7991,3364,Entrenamiento
7992,2160,Entrenamiento
7993,3864,Prueba
7994,3131,Entrenamiento
7995,655,Prueba
7996,2924,Prueba
7997,3865,Entrenamiento
7998,2936,Entrenamiento
7999,2937,Prueba
8000,2938,Entrenamiento
8001,2939,Entrenamiento
8002,3866,Entrenamiento
8003,3867,Prueba
8004,3868,Entrenamiento
8005,2943,Validacion
8006,2944,Validacion
8007,3869,Entrenamiento
8008,3870,Validacion
8009,2837,Entrenamiento
8010,2387,Validacion
8011,2607,Validacion
8012,2947,Entrenamiento
8013,2556,Entrenamiento
8014,3871,Prueba
8015,3872,Entrenamiento
8016,3873,Entrenamiento
8017,3874,Prueba
8018,2952,Prueba
8019,2584,Entrenamiento
8020,2718,Prueba
8021,2954,Validacion
8022,812,Validacion
8023,2339,Validacion
8024,2955,Validacion
8025,2956,Entrenamiento
8026,3875,Entrenamiento
8027,2957,Validacion
8028,3876,Entrenamiento
8029,3877,Entrenamiento
8030,2538,Entrenamiento
8031,2242,Entrenamiento
8032,2960,Entrenamiento
8033,2961,Entrenamiento
8034,3878,Entrenamiento
8035,2963,Validacion
8036,2964,Entrenamiento
8037,2073,Entrenamiento
8038,2965,Entrenamiento
8039,2138,Validacion
8040,596,Validacion
8041,2723,Entrenamiento
8042,2967,Entrenamiento
8043,2968,Entrenamiento
8044,2474,Entrenamiento
8045,2969,Entrenamiento
8046,3879,Prueba
8047,2971,Entrenamiento
8048,2222,Validacion
8049,2687,Entrenamiento
8050,2972,Prueba
8051,3195,Validacion
8052,3880,Validacion
8053,2975,Entrenamiento
8054,2976,Entrenamiento
8055,2977,Entrenamiento
8056,3881,Entrenamiento
8057,2979,Entrenamiento
8058,2968,Entrenamiento
8059,2980,Entrenamiento
8060,2981,Entrenamiento
8061,2982,Entrenamiento
8062,2844,Entrenamiento
8063,2983,Entrenamiento
8064,2984,Entrenamiento
8065,3882,Entrenamiento
8066,2986,Validacion
8067,2298,Prueba
8068,2988,Prueba
8069,2989,Entrenamiento
8070,2519,Entrenamiento
8071,3883,Prueba
8072,2991,Entrenamiento
8073,2992,Entrenamiento
8074,3884,Entrenamiento
8075,2026,Entrenamiento
8076,2688,Entrenamiento
8077,2994,Entrenamiento
8078,2995,Prueba
8079,2996,Entrenamiento
8080,2997,Entrenamiento
8081,2759,Prueba
8082,2998,Validacion
8083,2605,Entrenamiento
8084,3519,Entrenamiento
8085,3000,Entrenamiento
8086,2626,Entrenamiento
8087,3885,Prueba
8088,3003,Entrenamiento
8089,210,Validacion
8090,2021,Entrenamiento
8091,2886,Validacion
8092,3886,Prueba
8093,3004,Entrenamiento
8094,3005,Entrenamiento
8095,3006,Entrenamiento
8096,2930,Entrenamiento
8097,3007,Entrenamiento
8098,3008,Prueba
8099,3009,Entrenamiento
8100,3010,Entrenamiento
8101,2332,Entrenamiento
8102,2708,Entrenamiento
8103,2769,Entrenamiento
8104,189,Entrenamiento
8105,3012,Entrenamiento
8106,3013,Entrenamiento
8107,3014,Entrenamiento
8108,2259,Prueba
8109,3045,Entrenamiento
8110,3015,Entrenamiento
8111,3016,Entrenamiento
8112,3017,Validacion
8113,3887,Validacion
8114,3888,Entrenamiento
8115,3018,Entrenamiento
8116,3019,Entrenamiento
8117,2673,Prueba
8118,3889,Prueba
8119,3021,Entrenamiento
8120,3022,Entrenamiento
8121,3890,Entrenamiento
8122,2822,Entrenamiento
8123,905,Entrenamiento
8124,2563,Entrenamiento
8125,3023,Prueba
8126,3024,Entrenamiento
8127,3025,Entrenamiento
8128,3026,Prueba
8129,3891,Entrenamiento
8130,3027,Entrenamiento
8131,3028,Entrenamiento
8132,1241,Entrenamiento
8133,3030,Entrenamiento
8134,3031,Entrenamiento
8135,3032,Entrenamiento
8136,3033,Validacion
8137,3034,Entrenamiento
8138,3035,Entrenamiento
8139,3036,Entrenamiento
8140,3037,Entrenamiento
8141,3038,Entrenamiento
8142,3039,Validacion
8143,3892,Entrenamiento
8144,3041,Entrenamiento
8145,3042,Entrenamiento
8146,126,Entrenamiento
8147,3043,Prueba
8148,3044,Validacion
8149,3045,Entrenamiento
8150,2448,Entrenamiento
8151,3046,Entrenamiento
8152,2774,Entrenamiento
8153,2876,Prueba
8154,3047,Entrenamiento
8155,2195,Prueba
8156,3048,Validacion
8157,272,Validacion
8158,3049,Validacion
8159,3050,Prueba
8160,1095,Validacion
8161,3893,Entrenamiento
8162,3052,Entrenamiento
8163,3053,Entrenamiento
8164,2674,Entrenamiento
8165,2530,Entrenamiento
8166,3894,Entrenamiento
8167,3895,Entrenamiento
8168,3896,Entrenamiento
8169,3897,Entrenamiento
8170,3898,Entrenamiento
8171,3899,Entrenamiento
8172,3900,Entrenamiento
8173,3901,Entrenamiento
8174,3902,Entrenamiento
8175,3903,Entrenamiento
8176,3904,Validacion
8177,3905,Validacion
8178,3906,Validacion
8179,3907,Entrenamiento
8180,3908,Validacion
8181,3909,Entrenamiento
8182,3910,Entrenamiento
8183,3911,Entrenamiento
8184,3912,Entrenamiento
8185,3913,Entrenamiento
8186,3914,Prueba
8187,3915,Prueba
8188,3916,Entrenamiento
8189,3917,Prueba
8190,3918,Entrenamiento
8191,3919,Entrenamiento
8192,3920,Entrenamiento
8193,3921,Prueba
8194,3922,Entrenamiento
8195,3923,Entrenamiento
8196,3924,Entrenamiento
8197,3925,Entrenamiento
8198,3926,Prueba
8199,3927,Entrenamiento
8200,3928,Entrenamiento
8201,3929,Prueba
8202,3930,Entrenamiento
8203,3931,Validacion
8204,3932,Validacion
8205,3933,Entrenamiento
8206,3934,Entrenamiento
8207,3935,Entrenamiento
8208,3936,Entrenamiento
8209,3937,Entrenamiento
8210,3938,Entrenamiento
8211,3939,Validacion
8212,3940,Entrenamiento
8213,3941,Entrenamiento
8214,3942,Entrenamiento
8215,3943,Entrenamiento
8216,3944,Prueba
8217,3945,Validacion
8218,3946,Entrenamiento
8219,3947,Validacion
8220,3948,Validacion
8221,167,Validacion
8222,3949,Prueba
8223,3950,Validacion
8224,3951,Entrenamiento
8225,3952,Entrenamiento
8226,882,Entrenamiento
8227,3953,Entrenamiento
8228,3954,Prueba
8229,3955,Entrenamiento
8230,3956,Prueba
8231,3957,Prueba
8232,3958,Entrenamiento
8233,3959,Entrenamiento
8234,3960,Entrenamiento
8235,3961,Validacion
8236,3962,Entrenamiento
8237,3963,Entrenamiento
8238,3964,Validacion
8239,1926,Validacion
8240,3965,Entrenamiento
8241,3966,Validacion
8242,3967,Prueba
8243,3968,Entrenamiento
8244,3969,Entrenamiento
8245,3970,Entrenamiento
8246,3971,Validacion
8247,3972,Entrenamiento
8248,3973,Entrenamiento
8249,3974,Entrenamiento
8250,1046,Validacion
8251,283,Validacion
8252,3975,Validacion
8253,3976,Entrenamiento
8254,3977,Entrenamiento
8255,3978,Entrenamiento
8256,3979,Prueba
8257,3980,Prueba
8258,3981,Entrenamiento
8259,3982,Entrenamiento
8260,3983,Entrenamiento
8261,3984,Prueba
8262,3985,Validacion
8263,3986,Prueba
8264,3987,Entrenamiento
8265,3988,Entrenamiento
8266,3989,Entrenamiento
8267,3990,Entrenamiento
8268,3991,Entrenamiento
8269,3992,Prueba
8270,3993,Entrenamiento
8271,3994,Entrenamiento
8272,3995,Prueba
8273,3996,Validacion
8274,400,Entrenamiento
8275,3997,Entrenamiento
8276,3998,Entrenamiento
8277,3999,Entrenamiento
8278,4000,Entrenamiento
8279,4001,Entrenamiento
8280,4002,Entrenamiento
8281,4003,Prueba
8282,4004,Entrenamiento
8283,4005,Entrenamiento
8284,4006,Entrenamiento
8285,4007,Entrenamiento
8286,4008,Validacion
8287,4009,Entrenamiento
8288,4010,Entrenamiento
8289,4011,Prueba
8290,4012,Validacion
8291,4013,Entrenamiento
8292,4014,Entrenamiento
8293,4015,Prueba
8294,4016,Entrenamiento
8295,4017,Validacion
8296,4018,Entrenamiento
8297,4019,Entrenamiento
8298,4020,Entrenamiento
8299,4021,Entrenamiento
8300,1983,Prueba
8301,4022,Entrenamiento
8302,4023,Entrenamiento
8303,4024,Entrenamiento
8304,4025,Prueba
8305,4026,Entrenamiento
8306,4027,Entrenamiento
8307,4028,Entrenamiento
8308,4029,Entrenamiento
8309,4030,Entrenamiento
8310,4031,Entrenamiento
8311,167,Validacion
8312,4032,Entrenamiento
8313,4033,Entrenamiento
8314,4034,Entrenamiento
8315,4035,Entrenamiento
8316,4036,Entrenamiento
8317,4037,Prueba
8318,4038,Entrenamiento
8319,4039,Entrenamiento
8320,4040,Validacion
8321,4041,Validacion
8322,4042,Entrenamiento
8323,1195,Entrenamiento
8324,4043,Entrenamiento
8325,4044,Entrenamiento
8326,2008,Validacion
8327,4045,Entrenamiento
8328,4046,Entrenamiento
8329,4047,Entrenamiento
8330,4048,Entrenamiento
8331,4049,Prueba
8332,4050,Entrenamiento
8333,4051,Entrenamiento
8334,4052,Entrenamiento
8335,4053,Entrenamiento
8336,4054,Entrenamiento
8337,167,Validacion
8338,4055,Validacion
8339,4056,Entrenamiento
8340,4057,Entrenamiento
8341,4058,Prueba
8342,4059,Entrenamiento
8343,4060,Prueba
8344,4061,Entrenamiento
8345,4062,Entrenamiento
8346,4063,Validacion
8347,4064,Entrenamiento
8348,4065,Entrenamiento
8349,4066,Validacion
8350,4067,Entrenamiento
8351,4068,Entrenamiento
8352,4069,Entrenamiento
8353,4070,Entrenamiento
8354,4071,Entrenamiento
8355,4072,Entrenamiento
8356,4073,Entrenamiento
8357,4074,Validacion
8358,4075,Entrenamiento
8359,4076,Entrenamiento
8360,4077,Entrenamiento
8361,4078,Entrenamiento
8362,4079,Entrenamiento
8363,4080,Entrenamiento
8364,4081,Entrenamiento
8365,4082,Prueba
8366,4083,Validacion
8367,4084,Prueba
8368,4085,Entrenamiento
8369,4086,Entrenamiento
8370,4087,Entrenamiento
8371,4088,Validacion
8372,4089,Entrenamiento
8373,4090,Entrenamiento
8374,4091,Prueba
8375,4092,Entrenamiento
8376,4093,Entrenamiento
8377,167,Validacion
8378,4089,Entrenamiento
8379,4094,Prueba
8380,4095,Validacion
8381,4096,Entrenamiento
8382,4097,Entrenamiento
8383,4098,Entrenamiento
8384,4099,Prueba
8385,4100,Entrenamiento
8386,4101,Validacion
8387,4102,Entrenamiento
8388,4103,Prueba
8389,4104,Prueba
8390,4105,Entrenamiento
8391,4106,Entrenamiento
8392,4107,Entrenamiento
8393,2072,Prueba
8394,4108,Entrenamiento
8395,4109,Entrenamiento
8396,4110,Entrenamiento
8397,4111,Entrenamiento
8398,4112,Entrenamiento
8399,4113,Entrenamiento
8400,4114,Prueba
8401,4115,Entrenamiento
8402,380,Validacion
8403,4116,Entrenamiento
8404,4117,Entrenamiento
8405,4118,Prueba
8406,4119,Entrenamiento
8407,4120,Entrenamiento
8408,4121,Entrenamiento
8409,4122,Prueba
8410,4123,Entrenamiento
8411,4124,Entrenamiento
8412,4125,Prueba
8413,4126,Entrenamiento
8414,4127,Entrenamiento
8415,4128,Prueba
8416,4129,Entrenamiento
8417,4130,Entrenamiento
8418,4131,Entrenamiento
8419,4132,Entrenamiento
8420,4133,Entrenamiento
8421,4134,Entrenamiento
8422,4135,Entrenamiento
8423,4136,Entrenamiento
8424,4137,Entrenamiento
8425,4138,Entrenamiento
8426,2104,Prueba
8427,4139,Entrenamiento
8428,1375,Entrenamiento
8429,4140,Prueba
8430,4141,Entrenamiento
8431,4142,Entrenamiento
8432,4143,Entrenamiento
8433,4144,Entrenamiento
8434,1680,Entrenamiento
8435,4145,Validacion
8436,4146,Entrenamiento
8437,4147,Entrenamiento
8438,4148,Entrenamiento
8439,4149,Validacion
8440,4150,Entrenamiento
8441,4151,Entrenamiento
8442,4152,Entrenamiento
8443,4153,Entrenamiento
8444,400,Entrenamiento
8445,4144,Entrenamiento
8446,4154,Entrenamiento
8447,4155,Entrenamiento
8448,4156,Entrenamiento
8449,3064,Prueba
8450,4157,Prueba
8451,4158,Entrenamiento
8452,4159,Entrenamiento
8453,4160,Entrenamiento
8454,4161,Validacion
8455,4162,Validacion
8456,4163,Entrenamiento
8457,4164,Entrenamiento
8458,4165,Entrenamiento
8459,4166,Entrenamiento
8460,4167,Entrenamiento
8461,4168,Entrenamiento
8462,4169,Validacion
8463,4170,Entrenamiento
8464,4171,Entrenamiento
8465,4172,Validacion
8466,4173,Entrenamiento
8467,4174,Prueba
8468,696,Validacion
8469,4175,Entrenamiento
8470,4176,Prueba
8471,2143,Entrenamiento
8472,4177,Entrenamiento
8473,4178,Entrenamiento
8474,4179,Entrenamiento
8475,4180,Entrenamiento
8476,4181,Prueba
8477,4182,Entrenamiento
8478,4183,Validacion
8479,4184,Prueba
8480,4185,Entrenamiento
8481,4186,Entrenamiento
8482,4187,Entrenamiento
8483,4188,Entrenamiento
8484,4189,Validacion
8485,4190,Entrenamiento
8486,1703,Validacion
8487,4191,Entrenamiento
8488,4192,Entrenamiento
8489,4193,Entrenamiento
8490,4194,Prueba
8491,4195,Validacion
8492,351,Prueba
8493,4196,Entrenamiento
8494,4197,Entrenamiento
8495,4198,Entrenamiento
8496,4199,Entrenamiento
8497,4200,Entrenamiento
8498,4201,Prueba
8499,4202,Entrenamiento
8500,4203,Entrenamiento
8501,4204,Validacion
8502,4205,Prueba
8503,3989,Entrenamiento
8504,572,Entrenamiento
8505,4206,Entrenamiento
8506,4207,Entrenamiento
8507,4208,Entrenamiento
8508,4209,Entrenamiento
8509,4071,Entrenamiento
8510,4210,Entrenamiento
8511,4211,Validacion
8512,3696,Entrenamiento
8513,4212,Entrenamiento
8514,4213,Validacion
8515,4214,Entrenamiento
8516,4215,Prueba
8517,4216,Entrenamiento
8518,4217,Entrenamiento
8519,4101,Validacion
8520,1293,Validacion
8521,4218,Entrenamiento
8522,4219,Prueba
8523,4220,Entrenamiento
8524,572,Entrenamiento
8525,2188,Entrenamiento
8526,4221,Entrenamiento
8527,4222,Validacion
8528,4223,Entrenamiento
8529,4224,Prueba
8530,580,Entrenamiento
8531,4225,Entrenamiento
8532,4226,Entrenamiento
8533,4227,Entrenamiento
8534,4228,Prueba
8535,4229,Validacion
8536,4230,Entrenamiento
8537,2200,Entrenamiento
8538,4231,Entrenamiento
8539,4232,Entrenamiento
8540,4233,Entrenamiento
8541,4234,Entrenamiento
8542,4061,Entrenamiento
8543,4235,Validacion
8544,4236,Entrenamiento
8545,4237,Entrenamiento
8546,4238,Prueba
8547,4239,Entrenamiento
8548,4240,Entrenamiento
8549,4241,Entrenamiento
8550,4242,Entrenamiento
8551,4243,Entrenamiento
8552,4244,Validacion
8553,4245,Validacion
8554,4246,Entrenamiento
8555,4247,Entrenamiento
8556,4248,Entrenamiento
8557,4249,Entrenamiento
8558,4250,Entrenamiento
8559,4251,Entrenamiento
8560,4252,Prueba
8561,4253,Entrenamiento
8562,4254,Prueba
8563,4255,Entrenamiento
8564,4256,Entrenamiento
8565,4257,Prueba
8566,4258,Entrenamiento
8567,4259,Validacion
8568,1104,Entrenamiento
8569,4260,Entrenamiento
8570,4261,Entrenamiento
8571,4262,Entrenamiento
8572,4263,Entrenamiento
8573,4264,Entrenamiento
8574,4265,Entrenamiento
8575,4266,Entrenamiento
8576,4267,Validacion
8577,4268,Entrenamiento
8578,4269,Validacion
8579,4270,Entrenamiento
8580,2242,Entrenamiento
8581,4271,Entrenamiento
8582,4272,Entrenamiento
8583,4273,Validacion
8584,4274,Entrenamiento
8585,4060,Prueba
8586,4275,Validacion
8587,4276,Entrenamiento
8588,4277,Entrenamiento
8589,400,Entrenamiento
8590,4278,Entrenamiento
8591,2251,Validacion
8592,4279,Entrenamiento
8593,4280,Entrenamiento
8594,4281,Entrenamiento
8595,4282,Entrenamiento
8596,4283,Entrenamiento
8597,4284,Entrenamiento
8598,2258,Entrenamiento
8599,4285,Entrenamiento
8600,4286,Entrenamiento
8601,4287,Prueba
8602,2262,Entrenamiento
8603,4288,Entrenamiento
8604,4289,Entrenamiento
8605,4290,Entrenamiento
8606,4291,Entrenamiento
8607,4292,Entrenamiento
8608,4293,Prueba
8609,4294,Prueba
8610,4295,Entrenamiento
8611,4296,Entrenamiento
8612,4297,Entrenamiento
8613,4298,Entrenamiento
8614,4299,Entrenamiento
8615,4300,Entrenamiento
8616,4301,Entrenamiento
8617,4093,Entrenamiento
8618,4302,Validacion
8619,4303,Entrenamiento
8620,583,Entrenamiento
8621,4304,Entrenamiento
8622,4305,Entrenamiento
8623,4306,Entrenamiento
8624,4307,Validacion
8625,4308,Validacion
8626,4309,Validacion
8627,4225,Entrenamiento
8628,4229,Validacion
8629,4310,Entrenamiento
8630,4311,Entrenamiento
8631,4312,Entrenamiento
8632,4313,Entrenamiento
8633,4314,Entrenamiento
8634,4315,Entrenamiento
8635,4316,Prueba
8636,4317,Validacion
8637,4318,Entrenamiento
8638,400,Entrenamiento
8639,4319,Prueba
8640,4320,Entrenamiento
8641,4321,Entrenamiento
8642,4322,Entrenamiento
8643,4323,Prueba
8644,4324,Entrenamiento
8645,4325,Entrenamiento
8646,4326,Entrenamiento
8647,2104,Prueba
8648,675,Entrenamiento
8649,4327,Entrenamiento
8650,4328,Prueba
8651,4329,Entrenamiento
8652,4330,Entrenamiento
8653,4331,Validacion
8654,4332,Entrenamiento
8655,4333,Entrenamiento
8656,4334,Prueba
8657,4335,Entrenamiento
8658,364,Entrenamiento
8659,4336,Validacion
8660,4126,Entrenamiento
8661,4337,Validacion
8662,4338,Validacion
8663,4339,Entrenamiento
8664,4340,Prueba
8665,4341,Entrenamiento
8666,4342,Entrenamiento
8667,1894,Prueba
8668,4343,Validacion
8669,4344,Entrenamiento
8670,4345,Entrenamiento
8671,4346,Entrenamiento
8672,4347,Validacion
8673,4244,Validacion
8674,3948,Validacion
8675,4348,Entrenamiento
8676,4053,Entrenamiento
8677,4349,Entrenamiento
8678,4350,Validacion
8679,4351,Entrenamiento
8680,4352,Entrenamiento
8681,4353,Entrenamiento
8682,4354,Entrenamiento
8683,4355,Entrenamiento
8684,4356,Entrenamiento
8685,4357,Entrenamiento
8686,4358,Entrenamiento
8687,1058,Entrenamiento
8688,4359,Entrenamiento
8689,4360,Entrenamiento
8690,4361,Entrenamiento
8691,4362,Entrenamiento
8692,4363,Entrenamiento
8693,4364,Entrenamiento
8694,4365,Entrenamiento
8695,4366,Entrenamiento
8696,4367,Validacion
8697,4368,Entrenamiento
8698,4369,Entrenamiento
8699,4370,Prueba
8700,4371,Entrenamiento
8701,4372,Entrenamiento
8702,4373,Validacion
8703,4330,Entrenamiento
8704,4374,Validacion
8705,4375,Prueba
8706,4376,Prueba
8707,4377,Prueba
8708,4378,Entrenamiento
8709,4379,Prueba
8710,4218,Entrenamiento
8711,4380,Entrenamiento
8712,4381,Prueba
8713,4382,Entrenamiento
8714,4321,Entrenamiento
8715,4383,Validacion
8716,287,Prueba
8717,4384,Entrenamiento
8718,4385,Entrenamiento
8719,4386,Entrenamiento
8720,4387,Validacion
8721,4207,Entrenamiento
8722,4388,Entrenamiento
8723,4389,Entrenamiento
8724,4390,Entrenamiento
8725,530,Prueba
8726,4391,Entrenamiento
8727,4392,Entrenamiento
8728,4393,Validacion
8729,4394,Entrenamiento
8730,649,Entrenamiento
8731,4395,Entrenamiento
8732,1477,Prueba
8733,4396,Validacion
8734,4397,Entrenamiento
8735,4398,Prueba
8736,4399,Validacion
8737,4400,Prueba
8738,4401,Prueba
8739,4402,Entrenamiento
8740,4403,Prueba
8741,4404,Prueba
8742,4405,Entrenamiento
8743,4406,Prueba
8744,4407,Entrenamiento
8745,4408,Entrenamiento
8746,4409,Entrenamiento
8747,4410,Entrenamiento
8748,4411,Validacion
8749,4412,Entrenamiento
8750,4413,Entrenamiento
8751,4414,Prueba
8752,4415,Entrenamiento
8753,4416,Validacion
8754,4417,Prueba
8755,4418,Validacion
8756,4419,Prueba
8757,4420,Entrenamiento
8758,4421,Entrenamiento
8759,4422,Entrenamiento
8760,4053,Entrenamiento
8761,4423,Entrenamiento
8762,4424,Entrenamiento
8763,4425,Entrenamiento
8764,4426,Entrenamiento
8765,4427,Entrenamiento
8766,4310,Entrenamiento
8767,4428,Validacion
8768,4429,Entrenamiento
8769,4430,Entrenamiento
8770,4431,Validacion
8771,4432,Entrenamiento
8772,4433,Entrenamiento
8773,4434,Prueba
8774,4435,Entrenamiento
8775,4436,Entrenamiento
8776,4437,Prueba
8777,4438,Entrenamiento
8778,4439,Entrenamiento
8779,4440,Validacion
8780,4441,Entrenamiento
8781,4442,Entrenamiento
8782,4443,Entrenamiento
8783,4444,Entrenamiento
8784,137,Entrenamiento
8785,4445,Prueba
8786,4446,Prueba
8787,4447,Validacion
8788,4448,Entrenamiento
8789,4449,Entrenamiento
8790,4450,Prueba
8791,4254,Prueba
8792,4451,Entrenamiento
8793,4452,Entrenamiento
8794,4453,Entrenamiento
8795,4454,Entrenamiento
8796,4455,Entrenamiento
8797,4456,Validacion
8798,2457,Prueba
8799,4457,Entrenamiento
8800,4108,Entrenamiento
8801,4458,Entrenamiento
8802,4459,Entrenamiento
8803,4460,Entrenamiento
8804,4461,Entrenamiento
8805,4462,Entrenamiento
8806,4463,Entrenamiento
8807,4464,Entrenamiento
8808,4465,Entrenamiento
8809,4466,Prueba
8810,1458,Entrenamiento
8811,4467,Entrenamiento
8812,4468,Entrenamiento
8813,4469,Entrenamiento
8814,4470,Entrenamiento
8815,4471,Prueba
8816,4472,Prueba
8817,4473,Entrenamiento
8818,4474,Entrenamiento
8819,4475,Prueba
8820,4476,Entrenamiento
8821,4477,Entrenamiento
8822,4478,Validacion
8823,4479,Entrenamiento
8824,580,Entrenamiento
8825,4414,Prueba
8826,4480,Entrenamiento
8827,4481,Entrenamiento
8828,4482,Entrenamiento
8829,4483,Entrenamiento
8830,4484,Entrenamiento
8831,4485,Entrenamiento
8832,4486,Validacion
8833,4487,Entrenamiento
8834,583,Entrenamiento
8835,4488,Entrenamiento
8836,4489,Validacion
8837,4490,Entrenamiento
8838,4491,Entrenamiento
8839,4492,Entrenamiento
8840,4391,Entrenamiento
8841,4493,Entrenamiento
8842,4494,Prueba
8843,4237,Entrenamiento
8844,4495,Entrenamiento
8845,4496,Entrenamiento
8846,4497,Prueba
8847,4498,Prueba
8848,4499,Entrenamiento
8849,4500,Validacion
8850,4408,Entrenamiento
8851,4397,Entrenamiento
8852,4501,Entrenamiento
8853,4502,Entrenamiento
8854,4503,Entrenamiento
8855,4504,Entrenamiento
8856,4505,Entrenamiento
8857,4506,Entrenamiento
8858,4092,Entrenamiento
8859,2509,Entrenamiento
8860,4507,Prueba
8861,4508,Prueba
8862,4509,Validacion
8863,4510,Validacion
8864,4511,Prueba
8865,4512,Entrenamiento
8866,4513,Entrenamiento
8867,4514,Entrenamiento
8868,4515,Entrenamiento
8869,4516,Validacion
8870,4517,Entrenamiento
8871,4518,Entrenamiento
8872,4519,Entrenamiento
8873,4520,Entrenamiento
8874,4521,Prueba
8875,4522,Prueba
8876,4499,Entrenamiento
8877,4523,Entrenamiento
8878,4524,Entrenamiento
8879,4525,Validacion
8880,4526,Prueba
8881,4527,Validacion
8882,4528,Entrenamiento
8883,4529,Prueba
8884,4104,Prueba
8885,4129,Entrenamiento
8886,4530,Entrenamiento
8887,4531,Validacion
8888,4532,Prueba
8889,4533,Entrenamiento
8890,4534,Prueba
8891,4535,Entrenamiento
8892,4536,Prueba
8893,4537,Validacion
8894,4415,Entrenamiento
8895,4092,Entrenamiento
8896,4538,Validacion
8897,4539,Entrenamiento
8898,4540,Entrenamiento
8899,4487,Entrenamiento
8900,4541,Entrenamiento
8901,4542,Entrenamiento
8902,2431,Entrenamiento
8903,3991,Entrenamiento
8904,4543,Prueba
8905,4544,Entrenamiento
8906,4545,Entrenamiento
8907,4546,Validacion
8908,4547,Entrenamiento
8909,4548,Entrenamiento
8910,4549,Entrenamiento
8911,4514,Entrenamiento
8912,4550,Entrenamiento
8913,4551,Entrenamiento
8914,4552,Entrenamiento
8915,4553,Entrenamiento
8916,4554,Entrenamiento
8917,4555,Entrenamiento
8918,4556,Entrenamiento
8919,4557,Validacion
8920,4108,Entrenamiento
8921,4558,Prueba
8922,4559,Entrenamiento
8923,4560,Validacion
8924,4561,Validacion
8925,981,Entrenamiento
8926,4562,Prueba
8927,4563,Validacion
8928,4564,Entrenamiento
8929,4565,Entrenamiento
8930,4566,Entrenamiento
8931,629,Entrenamiento
8932,4567,Validacion
8933,4568,Entrenamiento
8934,4569,Entrenamiento
8935,4570,Entrenamiento
8936,2611,Prueba
8937,4571,Entrenamiento
8938,4572,Validacion
8939,4573,Entrenamiento
8940,4574,Entrenamiento
8941,4575,Validacion
8942,4576,Entrenamiento
8943,4577,Entrenamiento
8944,4578,Prueba
8945,4516,Validacion
8946,4579,Entrenamiento
8947,4580,Entrenamiento
8948,4581,Entrenamiento
8949,4582,Entrenamiento
8950,4583,Entrenamiento
8951,4584,Entrenamiento
8952,4585,Validacion
8953,4586,Prueba
8954,4587,Entrenamiento
8955,4588,Prueba
8956,4589,Entrenamiento
8957,4590,Entrenamiento
8958,4591,Prueba
8959,4592,Entrenamiento
8960,4593,Entrenamiento
8961,4594,Validacion
8962,4595,Entrenamiento
8963,4596,Entrenamiento
8964,4597,Entrenamiento
8965,408,Validacion
8966,4598,Entrenamiento
8967,735,Entrenamiento
8968,4599,Prueba
8969,4600,Entrenamiento
8970,4601,Prueba
8971,4602,Entrenamiento
8972,4603,Entrenamiento
8973,4604,Prueba
8974,4430,Entrenamiento
8975,4605,Entrenamiento
8976,4606,Entrenamiento
8977,4607,Entrenamiento
8978,4608,Entrenamiento
8979,3988,Entrenamiento
8980,752,Entrenamiento
8981,4609,Entrenamiento
8982,4610,Validacion
8983,4611,Entrenamiento
8984,4612,Entrenamiento
8985,4377,Prueba
8986,4564,Entrenamiento
8987,4613,Entrenamiento
8988,4614,Prueba
8989,4615,Entrenamiento
8990,4616,Entrenamiento
8991,4617,Entrenamiento
8992,4618,Entrenamiento
8993,4619,Prueba
8994,4620,Entrenamiento
8995,4621,Entrenamiento
8996,4622,Prueba
8997,4623,Prueba
8998,4624,Entrenamiento
8999,4625,Entrenamiento
9000,4626,Validacion
9001,4627,Entrenamiento
9002,4628,Entrenamiento
9003,4629,Entrenamiento
9004,4630,Validacion
9005,4377,Prueba
9006,4631,Prueba
9007,4632,Entrenamiento
9008,4633,Validacion
9009,4634,Entrenamiento
9010,4364,Entrenamiento
9011,4635,Validacion
9012,4636,Entrenamiento
9013,4637,Entrenamiento
9014,4638,Entrenamiento
9015,4639,Entrenamiento
9016,4640,Prueba
9017,4641,Entrenamiento
9018,4175,Entrenamiento
9019,4642,Entrenamiento
9020,4643,Prueba
9021,4644,Entrenamiento
9022,4645,Prueba
9023,4646,Entrenamiento
9024,4647,Entrenamiento
9025,4648,Validacion
9026,4649,Entrenamiento
9027,4650,Validacion
9028,4651,Entrenamiento
9029,167,Validacion
9030,4652,Entrenamiento
9031,4617,Entrenamiento
9032,4653,Entrenamiento
9033,4654,Entrenamiento
9034,4655,Validacion
9035,380,Validacion
9036,4656,Entrenamiento
9037,4657,Entrenamiento
9038,4658,Entrenamiento
9039,4659,Entrenamiento
9040,4660,Entrenamiento
9041,1008,Entrenamiento
9042,4661,Entrenamiento
9043,214,Prueba
9044,4662,Entrenamiento
9045,4663,Entrenamiento
9046,4285,Entrenamiento
9047,229,Validacion
9048,4664,Validacion
9049,572,Entrenamiento
9050,4665,Entrenamiento
9051,4388,Entrenamiento
9052,4666,Prueba
9053,4667,Entrenamiento
9054,4343,Validacion
9055,4387,Validacion
9056,4668,Entrenamiento
9057,4645,Prueba
9058,4669,Entrenamiento
9059,4670,Entrenamiento
9060,572,Entrenamiento
9061,4671,Entrenamiento
9062,4672,Entrenamiento
9063,4673,Entrenamiento
9064,23,Prueba
9065,330,Entrenamiento
9066,4674,Entrenamiento
9067,4675,Entrenamiento
9068,4676,Entrenamiento
9069,4309,Validacion
9070,4633,Validacion
9071,4677,Entrenamiento
9072,4678,Validacion
9073,4679,Prueba
9074,4617,Entrenamiento
9075,4680,Prueba
9076,4062,Entrenamiento
9077,4465,Entrenamiento
9078,4681,Entrenamiento
9079,2072,Prueba
9080,4682,Entrenamiento
9081,4683,Entrenamiento
9082,312,Entrenamiento
9083,4684,Prueba
9084,4685,Prueba
9085,4505,Entrenamiento
9086,4686,Entrenamiento
9087,4687,Entrenamiento
9088,4688,Entrenamiento
9089,4689,Prueba
9090,4690,Entrenamiento
9091,99,Validacion
9092,4691,Prueba
9093,4692,Entrenamiento
9094,4693,Entrenamiento
9095,4694,Entrenamiento
9096,4695,Entrenamiento
9097,4696,Entrenamiento
9098,4312,Entrenamiento
9099,4697,Entrenamiento
9100,4698,Entrenamiento
9101,4699,Entrenamiento
9102,4700,Entrenamiento
9103,4701,Prueba
9104,4702,Validacion
9105,4703,Entrenamiento
9106,2719,Entrenamiento
9107,4704,Validacion
9108,4705,Validacion
9109,4706,Entrenamiento
9110,4707,Entrenamiento
9111,398,Entrenamiento
9112,4324,Entrenamiento
9113,4708,Entrenamiento
9114,4709,Entrenamiento
9115,4710,Entrenamiento
9116,4711,Entrenamiento
9117,4712,Entrenamiento
9118,4713,Entrenamiento
9119,4714,Entrenamiento
9120,4715,Entrenamiento
9121,4380,Entrenamiento
9122,4716,Validacion
9123,4717,Entrenamiento
9124,4718,Entrenamiento
9125,2918,Entrenamiento
9126,4719,Entrenamiento
9127,4720,Entrenamiento
9128,4721,Entrenamiento
9129,4722,Entrenamiento
9130,2740,Entrenamiento
9131,4723,Entrenamiento
9132,4724,Validacion
9133,4656,Entrenamiento
9134,4725,Entrenamiento
9135,4516,Validacion
9136,4726,Entrenamiento
9137,4727,Validacion
9138,4728,Validacion
9139,4729,Entrenamiento
9140,4730,Entrenamiento
9141,4611,Entrenamiento
9142,4731,Entrenamiento
9143,4732,Entrenamiento
9144,4733,Entrenamiento
9145,4734,Entrenamiento
9146,4735,Entrenamiento
9147,4736,Entrenamiento
9148,4737,Entrenamiento
9149,4738,Validacion
9150,4739,Prueba
9151,4740,Entrenamiento
9152,4741,Entrenamiento
9153,4742,Prueba
9154,4743,Validacion
9155,4744,Entrenamiento
9156,4745,Entrenamiento
9157,4746,Validacion
9158,4747,Entrenamiento
9159,4748,Entrenamiento
9160,1252,Entrenamiento
9161,4749,Entrenamiento
9162,4750,Prueba
9163,4751,Prueba
9164,4752,Entrenamiento
9165,4753,Entrenamiento
9166,4754,Entrenamiento
9167,4371,Entrenamiento
9168,88,Prueba
9169,4755,Prueba
9170,4756,Entrenamiento
9171,4757,Prueba
9172,4758,Entrenamiento
9173,4759,Entrenamiento
9174,4760,Entrenamiento
9175,4761,Prueba
9176,4762,Entrenamiento
9177,4763,Entrenamiento
9178,4764,Validacion
9179,4765,Entrenamiento
9180,4766,Entrenamiento
9181,4767,Validacion
9182,4422,Entrenamiento
9183,4768,Prueba
9184,4769,Validacion
9185,4770,Entrenamiento
9186,4771,Entrenamiento
9187,4772,Entrenamiento
9188,4189,Validacion
9189,4773,Entrenamiento
9190,4774,Prueba
9191,4775,Entrenamiento
9192,4776,Validacion
9193,4777,Entrenamiento
9194,4778,Entrenamiento
9195,4053,Entrenamiento
9196,4779,Entrenamiento
9197,4780,Entrenamiento
9198,4781,Prueba
9199,4782,Entrenamiento
9200,4783,Prueba
9201,4784,Entrenamiento
9202,4785,Entrenamiento
9203,4786,Entrenamiento
9204,4787,Prueba
9205,235,Entrenamiento
9206,4788,Validacion
9207,4789,Prueba
9208,4790,Prueba
9209,4148,Entrenamiento
9210,4312,Entrenamiento
9211,596,Validacion
9212,4791,Validacion
9213,4792,Entrenamiento
9214,4793,Entrenamiento
9215,4794,Entrenamiento
9216,4180,Entrenamiento
9217,4795,Validacion
9218,4707,Entrenamiento
9219,4796,Validacion
9220,4781,Prueba
9221,4797,Entrenamiento
9222,4798,Entrenamiento
9223,4799,Entrenamiento
9224,4800,Entrenamiento
9225,4801,Entrenamiento
9226,4802,Validacion
9227,4803,Entrenamiento
9228,4804,Entrenamiento
9229,4805,Validacion
9230,4806,Prueba
9231,4807,Entrenamiento
9232,4108,Entrenamiento
9233,4808,Entrenamiento
9234,4688,Entrenamiento
9235,4809,Entrenamiento
9236,4810,Entrenamiento
9237,4811,Entrenamiento
9238,4812,Entrenamiento
9239,4813,Entrenamiento
9240,4814,Entrenamiento
9241,4815,Prueba
9242,4816,Entrenamiento
9243,4817,Prueba
9244,4455,Entrenamiento
9245,4818,Validacion
9246,4819,Validacion
9247,3940,Entrenamiento
9248,4820,Entrenamiento
9249,4259,Validacion
9250,4821,Entrenamiento
9251,4822,Validacion
9252,4823,Entrenamiento
9253,4824,Entrenamiento
9254,4371,Entrenamiento
9255,4825,Prueba
9256,4826,Validacion
9257,4827,Entrenamiento
9258,4629,Entrenamiento
9259,4828,Entrenamiento
9260,4829,Entrenamiento
9261,4830,Entrenamiento
9262,4424,Entrenamiento
9263,366,Prueba
9264,720,Prueba
9265,4831,Prueba
9266,4065,Entrenamiento
9267,4832,Entrenamiento
9268,4833,Validacion
9269,4834,Prueba
9270,4835,Entrenamiento
9271,4446,Prueba
9272,4836,Validacion
9273,4837,Validacion
9274,4745,Entrenamiento
9275,4838,Entrenamiento
9276,4354,Entrenamiento
9277,4839,Entrenamiento
9278,4840,Entrenamiento
9279,4545,Entrenamiento
9280,4299,Entrenamiento
9281,4841,Entrenamiento
9282,4842,Validacion
9283,4843,Entrenamiento
9284,4844,Entrenamiento
9285,4845,Entrenamiento
9286,4846,Entrenamiento
9287,4847,Prueba
9288,4848,Entrenamiento
9289,2862,Prueba
9290,4437,Prueba
9291,2863,Entrenamiento
9292,4849,Entrenamiento
9293,4175,Entrenamiento
9294,4850,Prueba
9295,4851,Entrenamiento
9296,283,Validacion
9297,4486,Validacion
9298,2868,Validacion
9299,4089,Entrenamiento
9300,4852,Entrenamiento
9301,4853,Prueba
9302,4089,Entrenamiento
9303,4854,Entrenamiento
9304,4124,Entrenamiento
9305,4855,Validacion
9306,4856,Prueba
9307,4857,Entrenamiento
9308,4036,Entrenamiento
9309,4858,Entrenamiento
9310,4859,Entrenamiento
9311,4860,Entrenamiento
9312,380,Validacion
9313,4861,Entrenamiento
9314,2918,Entrenamiento
9315,4862,Entrenamiento
9316,4863,Entrenamiento
9317,4864,Entrenamiento
9318,4497,Prueba
9319,4865,Prueba
9320,4866,Validacion
9321,1458,Entrenamiento
9322,4867,Entrenamiento
9323,4868,Entrenamiento
9324,4869,Entrenamiento
9325,4870,Validacion
9326,4871,Entrenamiento
9327,4872,Entrenamiento
9328,4447,Validacion
9329,283,Validacion
9330,4873,Entrenamiento
9331,4874,Entrenamiento
9332,4875,Entrenamiento
9333,4876,Validacion
9334,2188,Entrenamiento
9335,4877,Entrenamiento
9336,4878,Validacion
9337,4879,Entrenamiento
9338,4880,Entrenamiento
9339,4881,Entrenamiento
9340,4882,Entrenamiento
9341,4883,Prueba
9342,4884,Entrenamiento
9343,4885,Entrenamiento
9344,4886,Entrenamiento
9345,4887,Entrenamiento
9346,4888,Validacion
9347,4889,Entrenamiento
9348,4890,Entrenamiento
9349,4891,Entrenamiento
9350,4298,Entrenamiento
9351,4892,Entrenamiento
9352,4893,Entrenamiento
9353,4894,Validacion
9354,4895,Entrenamiento
9355,4896,Entrenamiento
9356,4829,Entrenamiento
9357,4897,Prueba
9358,4898,Entrenamiento
9359,4790,Prueba
9360,4899,Entrenamiento
9361,4900,Prueba
9362,4440,Validacion
9363,4901,Entrenamiento
9364,4371,Entrenamiento
9365,4414,Prueba
9366,4902,Entrenamiento
9367,4903,Validacion
9368,4904,Validacion
9369,4905,Validacion
9370,4906,Entrenamiento
9371,4907,Prueba
9372,4908,Entrenamiento
9373,4909,Prueba
9374,4910,Entrenamiento
9375,4911,Entrenamiento
9376,4912,Entrenamiento
9377,2925,Validacion
9378,4913,Prueba
9379,4736,Entrenamiento
9380,4813,Entrenamiento
9381,4914,Entrenamiento
9382,4915,Prueba
9383,4916,Entrenamiento
9384,4917,Entrenamiento
9385,4829,Entrenamiento
9386,4465,Entrenamiento
9387,4465,Entrenamiento
9388,4918,Entrenamiento
9389,4919,Entrenamiento
9390,4920,Entrenamiento
9391,4921,Validacion
9392,4922,Entrenamiento
9393,4923,Entrenamiento
9394,4924,Entrenamiento
9395,4925,Validacion
9396,4926,Entrenamiento
9397,4927,Entrenamiento
9398,4928,Prueba
9399,4929,Entrenamiento
9400,4930,Prueba
9401,4931,Entrenamiento
9402,4932,Validacion
9403,1102,Entrenamiento
9404,4933,Entrenamiento
9405,4934,Validacion
9406,530,Prueba
9407,4602,Entrenamiento
9408,4935,Validacion
9409,4936,Validacion
9410,4937,Entrenamiento
9411,4113,Entrenamiento
9412,4938,Entrenamiento
9413,4939,Entrenamiento
9414,591,Entrenamiento
9415,4940,Entrenamiento
9416,4703,Entrenamiento
9417,306,Entrenamiento
9418,4941,Entrenamiento
9419,4354,Entrenamiento
9420,4942,Entrenamiento
9421,4943,Entrenamiento
9422,4650,Validacion
9423,2719,Entrenamiento
9424,4944,Validacion
9425,4945,Validacion
9426,4534,Prueba
9427,2242,Entrenamiento
9428,4946,Entrenamiento
9429,4947,Entrenamiento
9430,4948,Entrenamiento
9431,4949,Entrenamiento
9432,4950,Entrenamiento
9433,4108,Entrenamiento
9434,4951,Entrenamiento
9435,4952,Entrenamiento
9436,4371,Entrenamiento
9437,4707,Entrenamiento
9438,4953,Prueba
9439,716,Entrenamiento
9440,4954,Validacion
9441,4955,Entrenamiento
9442,4956,Validacion
9443,4957,Entrenamiento
9444,4252,Prueba
9445,330,Entrenamiento
9446,4958,Entrenamiento
9447,4959,Entrenamiento
9448,4960,Entrenamiento
9449,4961,Entrenamiento
9450,4962,Entrenamiento
9451,4963,Entrenamiento
9452,4964,Entrenamiento
9453,4965,Prueba
9454,716,Entrenamiento
9455,4966,Entrenamiento
9456,4967,Entrenamiento
9457,4968,Entrenamiento
9458,366,Prueba
9459,4969,Prueba
9460,4970,Validacion
9461,4971,Entrenamiento
9462,4972,Entrenamiento
9463,4973,Entrenamiento
9464,4974,Entrenamiento
9465,4975,Prueba
9466,4516,Validacion
9467,4976,Entrenamiento
9468,4977,Validacion
9469,4978,Entrenamiento
9470,4979,Validacion
9471,4980,Entrenamiento
9472,4674,Entrenamiento
9473,4981,Validacion
9474,4509,Validacion
9475,4982,Entrenamiento
9476,4983,Validacion
9477,4743,Validacion
9478,4984,Entrenamiento
9479,4600,Entrenamiento
9480,4985,Entrenamiento
9481,4438,Entrenamiento
9482,4620,Entrenamiento
9483,4335,Entrenamiento
9484,4986,Entrenamiento
9485,4987,Entrenamiento
9486,4058,Prueba
9487,4870,Validacion
9488,720,Prueba
9489,4988,Validacion
9490,4989,Validacion
9491,4990,Prueba
9492,4917,Entrenamiento
9493,4991,Validacion
9494,4992,Entrenamiento
9495,4993,Entrenamiento
9496,4994,Prueba
9497,4725,Entrenamiento
9498,4995,Entrenamiento
9499,4996,Entrenamiento
9500,4708,Entrenamiento
9501,4997,Entrenamiento
9502,1130,Entrenamiento
9503,4998,Entrenamiento
9504,4285,Entrenamiento
9505,4656,Entrenamiento
9506,842,Prueba
9507,4999,Prueba
9508,5000,Entrenamiento
9509,4833,Validacion
9510,4641,Entrenamiento
9511,5001,Entrenamiento
9512,5002,Entrenamiento
9513,229,Validacion
9514,5003,Entrenamiento
9515,5004,Entrenamiento
9516,5005,Prueba
9517,4693,Entrenamiento
9518,4809,Entrenamiento
9519,112,Entrenamiento
9520,4559,Entrenamiento
9521,5006,Entrenamiento
9522,5007,Entrenamiento
9523,5008,Prueba
9524,5009,Entrenamiento
9525,5010,Entrenamiento
9526,5011,Validacion
9527,5012,Validacion
9528,5013,Validacion
9529,5014,Entrenamiento
9530,5015,Entrenamiento
9531,5016,Entrenamiento
9532,5017,Entrenamiento
9533,530,Prueba
9534,5018,Prueba
9535,5019,Entrenamiento
9536,5020,Entrenamiento
9537,5021,Entrenamiento
9538,5022,Entrenamiento
9539,5023,Entrenamiento
9540,5024,Entrenamiento
9541,5025,Entrenamiento
9542,4505,Entrenamiento
9543,5026,Entrenamiento
9544,5027,Entrenamiento
9545,5028,Prueba
9546,4448,Entrenamiento
9547,5029,Entrenamiento
9548,4758,Entrenamiento
9549,4858,Entrenamiento
9550,4380,Entrenamiento
9551,4226,Entrenamiento
9552,5030,Entrenamiento
9553,2611,Prueba
9554,5031,Entrenamiento
9555,5032,Prueba
9556,646,Entrenamiento
9557,5033,Validacion
9558,5034,Entrenamiento
9559,5035,Entrenamiento
9560,4664,Validacion
9561,4527,Validacion
9562,5036,Prueba
9563,5037,Validacion
9564,5038,Entrenamiento
9565,4866,Validacion
9566,4036,Entrenamiento
9567,5039,Prueba
9568,4863,Entrenamiento
9569,5040,Entrenamiento
9570,5041,Entrenamiento
9571,4531,Validacion
9572,5042,Entrenamiento
9573,5043,Entrenamiento
9574,4941,Entrenamiento
9575,5044,Validacion
9576,5045,Entrenamiento
9577,5046,Entrenamiento
9578,5047,Entrenamiento
9579,4599,Prueba
9580,5048,Entrenamiento
9581,3991,Entrenamiento
9582,1274,Entrenamiento
9583,4668,Entrenamiento
9584,4271,Entrenamiento
9585,5049,Entrenamiento
9586,5050,Validacion
9587,4806,Prueba
9588,4632,Entrenamiento
9589,5051,Entrenamiento
9590,5052,Entrenamiento
9591,5053,Entrenamiento
9592,4572,Validacion
9593,5054,Validacion
9594,5055,Entrenamiento
9595,5056,Entrenamiento
9596,5057,Entrenamiento
9597,4986,Entrenamiento
9598,5058,Entrenamiento
9599,5059,Entrenamiento
9600,5060,Prueba
9601,5061,Validacion
9602,5062,Entrenamiento
9603,4036,Entrenamiento
9604,5063,Entrenamiento
9605,5064,Entrenamiento
9606,4172,Validacion
9607,5065,Entrenamiento
9608,4359,Entrenamiento
9609,5066,Validacion
9610,5067,Prueba
9611,4906,Entrenamiento
9612,5068,Entrenamiento
9613,5069,Validacion
9614,5070,Entrenamiento
9615,400,Entrenamiento
9616,5071,Entrenamiento
9617,5072,Entrenamiento
9618,5073,Entrenamiento
9619,5074,Entrenamiento
9620,4341,Entrenamiento
9621,5075,Validacion
9622,4263,Entrenamiento
9623,5076,Entrenamiento
9624,5077,Entrenamiento
9625,5078,Entrenamiento
9626,4720,Entrenamiento
9627,5079,Entrenamiento
9628,4992,Entrenamiento
9629,5080,Prueba
9630,5081,Prueba
9631,5082,Entrenamiento
9632,5083,Entrenamiento
9633,5084,Validacion
9634,5085,Validacion
9635,4844,Entrenamiento
9636,4556,Entrenamiento
9637,5086,Prueba
9638,4447,Validacion
9639,5087,Entrenamiento
9640,5088,Entrenamiento
9641,5089,Entrenamiento
9642,5090,Entrenamiento
9643,527,Validacion
9644,5091,Entrenamiento
9645,5092,Entrenamiento
9646,5093,Validacion
9647,5094,Prueba
9648,4362,Entrenamiento
9649,5095,Entrenamiento
9650,5096,Entrenamiento
9651,5097,Prueba
9652,399,Entrenamiento
9653,5098,Entrenamiento
9654,5099,Validacion
9655,4542,Entrenamiento
9656,5100,Prueba
9657,5101,Entrenamiento
9658,5102,Entrenamiento
9659,5103,Entrenamiento
9660,5104,Entrenamiento
9661,5105,Validacion
9662,5106,Entrenamiento
9663,5107,Entrenamiento
9664,5108,Prueba
9665,5109,Entrenamiento
9666,5110,Entrenamiento
9667,5111,Prueba
9668,5112,Entrenamiento
9669,5113,Validacion
9670,5114,Validacion
9671,5115,Prueba
9672,5116,Entrenamiento
9673,5117,Validacion
9674,5118,Entrenamiento
9675,3991,Entrenamiento
9676,5119,Entrenamiento
9677,5120,Entrenamiento
9678,5121,Entrenamiento
9679,5122,Entrenamiento
9680,4646,Entrenamiento
9681,4766,Entrenamiento
9682,4060,Prueba
9683,5123,Prueba
9684,5124,Entrenamiento
9685,5125,Entrenamiento
9686,5126,Entrenamiento
9687,5127,Entrenamiento
9688,5128,Entrenamiento
9689,5129,Validacion
9690,5130,Entrenamiento
9691,5131,Entrenamiento
9692,4092,Entrenamiento
9693,5132,Prueba
9694,5133,Prueba
9695,4751,Prueba
9696,5134,Entrenamiento
9697,5135,Prueba
9698,4977,Validacion
9699,5136,Entrenamiento
9700,5137,Prueba
9701,5138,Prueba
9702,4452,Entrenamiento
9703,5139,Entrenamiento
9704,5140,Entrenamiento
9705,4452,Entrenamiento
9706,5141,Entrenamiento
9707,1508,Entrenamiento
9708,4465,Entrenamiento
9709,5142,Entrenamiento
9710,5143,Validacion
9711,5144,Entrenamiento
9712,977,Prueba
9713,5145,Entrenamiento
9714,4073,Entrenamiento
9715,5146,Entrenamiento
9716,4730,Entrenamiento
9717,5147,Entrenamiento
9718,5148,Entrenamiento
9719,5149,Prueba
9720,5150,Validacion
9721,5151,Entrenamiento
9722,4370,Prueba
9723,5152,Entrenamiento
9724,5153,Entrenamiento
9725,5030,Entrenamiento
9726,5154,Entrenamiento
9727,5155,Entrenamiento
9728,5156,Validacion
9729,5157,Entrenamiento
9730,5158,Entrenamiento
9731,5159,Validacion
9732,5160,Entrenamiento
9733,5161,Entrenamiento
9734,5162,Entrenamiento
9735,5163,Entrenamiento
9736,4687,Entrenamiento
9737,5164,Entrenamiento
9738,5165,Entrenamiento
9739,5166,Entrenamiento
9740,5167,Entrenamiento
9741,4362,Entrenamiento
9742,4967,Entrenamiento
9743,5168,Entrenamiento
9744,5169,Entrenamiento
9745,5170,Entrenamiento
9746,769,Entrenamiento
9747,5171,Entrenamiento
9748,4053,Entrenamiento
9749,5172,Entrenamiento
9750,2719,Entrenamiento
9751,5173,Entrenamiento
9752,5174,Entrenamiento
9753,5175,Entrenamiento
9754,5099,Validacion
9755,3194,Validacion
9756,5176,Entrenamiento
9757,4100,Entrenamiento
9758,5177,Entrenamiento
9759,5178,Entrenamiento
9760,4820,Entrenamiento
9761,5179,Entrenamiento
9762,5180,Entrenamiento
9763,5181,Prueba
9764,5182,Entrenamiento
9765,5183,Validacion
9766,4976,Entrenamiento
9767,5184,Entrenamiento
9768,5185,Entrenamiento
9769,5186,Validacion
9770,5187,Entrenamiento
9771,5188,Entrenamiento
9772,5189,Entrenamiento
9773,5190,Prueba
9774,5191,Entrenamiento
9775,5192,Entrenamiento
9776,5193,Entrenamiento
9777,5194,Entrenamiento
9778,5195,Entrenamiento
9779,5196,Entrenamiento
9780,5197,Entrenamiento
9781,5198,Prueba
9782,5199,Validacion
9783,5200,Entrenamiento
9784,5201,Entrenamiento
9785,5202,Entrenamiento
9786,5203,Entrenamiento
9787,505,Prueba
9788,5204,Prueba
9789,5205,Prueba
9790,5206,Entrenamiento
9791,5207,Entrenamiento
9792,5208,Entrenamiento
9793,4881,Entrenamiento
9794,4320,Entrenamiento
9795,5209,Prueba
9796,4225,Entrenamiento
9797,5078,Entrenamiento
9798,5210,Prueba
9799,4404,Prueba
9800,5211,Entrenamiento
9801,5212,Entrenamiento
9802,5213,Entrenamiento
9803,5214,Entrenamiento
9804,5215,Entrenamiento
9805,742,Validacion
9806,5216,Validacion
9807,5217,Entrenamiento
9808,5218,Entrenamiento
9809,5219,Entrenamiento
9810,5220,Validacion
9811,4448,Entrenamiento
9812,4324,Entrenamiento
9813,4296,Entrenamiento
9814,4604,Prueba
9815,5221,Validacion
9816,5222,Entrenamiento
9817,5223,Entrenamiento
9818,4617,Entrenamiento
9819,5224,Entrenamiento
9820,4309,Validacion
9821,5225,Entrenamiento
9822,4934,Validacion
9823,5226,Entrenamiento
9824,4819,Validacion
9825,5227,Validacion
9826,5228,Prueba
9827,5229,Entrenamiento
9828,5230,Validacion
9829,5231,Prueba
9830,4359,Entrenamiento
9831,1355,Entrenamiento
9832,5104,Entrenamiento
9833,4036,Entrenamiento
9834,5232,Entrenamiento
9835,5233,Entrenamiento
9836,3680,Validacion
9837,5234,Entrenamiento
9838,5235,Prueba
9839,5236,Entrenamiento
9840,5237,Entrenamiento
9841,5238,Prueba
9842,5239,Entrenamiento
9843,5240,Entrenamiento
9844,5241,Entrenamiento
9845,5242,Entrenamiento
9846,5243,Entrenamiento
9847,5244,Entrenamiento
9848,5245,Entrenamiento
9849,4478,Validacion
9850,495,Entrenamiento
9851,4935,Validacion
9852,5246,Entrenamiento
9853,5247,Validacion
9854,5169,Entrenamiento
9855,5248,Entrenamiento
9856,5249,Entrenamiento
9857,1097,Validacion
9858,5250,Entrenamiento
9859,2431,Entrenamiento
9860,5251,Entrenamiento
9861,4317,Validacion
9862,4832,Entrenamiento
9863,1292,Prueba
9864,5252,Entrenamiento
9865,5253,Entrenamiento
9866,99,Validacion
9867,5234,Entrenamiento
9868,4775,Entrenamiento
9869,5254,Entrenamiento
9870,4470,Entrenamiento
9871,5255,Entrenamiento
9872,380,Validacion
9873,5256,Entrenamiento
9874,742,Validacion
9875,5257,Entrenamiento
9876,5258,Entrenamiento
9877,4563,Validacion
9878,4402,Entrenamiento
9879,5259,Prueba
9880,5260,Entrenamiento
9881,5149,Prueba
9882,4386,Entrenamiento
9883,5261,Entrenamiento
9884,542,Entrenamiento
9885,2925,Validacion
9886,408,Validacion
9887,5262,Validacion
9888,5263,Entrenamiento
9889,5264,Entrenamiento
9890,4160,Entrenamiento
9891,398,Entrenamiento
9892,5265,Entrenamiento
9893,5266,Prueba
9894,4477,Entrenamiento
9895,5267,Validacion
9896,977,Prueba
9897,5268,Validacion
9898,5269,Entrenamiento
9899,5270,Entrenamiento
9900,5271,Entrenamiento
9901,4652,Entrenamiento
9902,5272,Prueba
9903,5273,Prueba
9904,4750,Prueba
9905,5274,Entrenamiento
9906,5275,Entrenamiento
9907,5276,Entrenamiento
9908,5277,Entrenamiento
9909,5278,Entrenamiento
9910,4354,Entrenamiento
9911,5279,Entrenamiento
9912,5280,Entrenamiento
9913,5281,Validacion
9914,4895,Entrenamiento
9915,5282,Entrenamiento
9916,5283,Entrenamiento
9917,5042,Entrenamiento
9918,5284,Prueba
9919,815,Entrenamiento
9920,5285,Entrenamiento
9921,505,Prueba
9922,5286,Entrenamiento
9923,5287,Entrenamiento
9924,4630,Validacion
9925,5288,Entrenamiento
9926,5289,Validacion
9927,4830,Entrenamiento
9928,5204,Prueba
9929,5290,Entrenamiento
9930,4505,Entrenamiento
9931,5291,Entrenamiento
9932,5292,Entrenamiento
9933,3326,Entrenamiento
9934,5293,Entrenamiento
9935,5294,Entrenamiento
9936,4836,Validacion
9937,4376,Prueba
9938,5295,Entrenamiento
9939,5296,Validacion
9940,2200,Entrenamiento
9941,5297,Validacion
9942,629,Entrenamiento
9943,4696,Entrenamiento
9944,5298,Entrenamiento
9945,5299,Entrenamiento
9946,112,Entrenamiento
9947,5300,Entrenamiento
9948,5301,Validacion
9949,5302,Entrenamiento
9950,5303,Entrenamiento
9951,5065,Entrenamiento
9952,5304,Validacion
9953,5305,Entrenamiento
9954,4656,Entrenamiento
9955,4348,Entrenamiento
9956,5306,Entrenamiento
9957,4320,Entrenamiento
9958,5307,Entrenamiento
9959,5308,Entrenamiento
9960,5309,Entrenamiento
9961,5310,Entrenamiento
9962,5311,Entrenamiento
9963,4452,Entrenamiento
9964,5312,Validacion
9965,5313,Entrenamiento
9966,4638,Entrenamiento
9967,4697,Entrenamiento
9968,5314,Validacion
9969,4630,Validacion
9970,5315,Entrenamiento
9971,4315,Entrenamiento
9972,5316,Entrenamiento
9973,5317,Entrenamiento
9974,5318,Entrenamiento
9975,4807,Entrenamiento
9976,1293,Validacion
9977,4564,Entrenamiento
9978,802,Prueba
9979,4349,Entrenamiento
9980,4548,Entrenamiento
9981,5319,Entrenamiento
9982,5320,Entrenamiento
9983,5321,Entrenamiento
9984,4449,Entrenamiento
9985,5322,Entrenamiento
9986,5323,Entrenamiento
9987,5324,Entrenamiento
9988,4296,Entrenamiento
9989,4743,Validacion
9990,4516,Validacion
9991,4612,Entrenamiento
9992,5325,Entrenamiento
9993,5326,Entrenamiento
9994,4307,Validacion
9995,3201,Entrenamiento
9996,5327,Prueba
9997,5328,Prueba
9998,5329,Validacion
9999,5330,Entrenamiento
10000,5331,Entrenamiento
10001,380,Validacion
10002,5332,Entrenamiento
10003,5333,Entrenamiento
10004,542,Entrenamiento
10005,5068,Entrenamiento
10006,5334,Entrenamiento
10007,5335,Entrenamiento
10008,5336,Prueba
10009,4320,Entrenamiento
10010,4608,Entrenamiento
10011,5337,Entrenamiento
10012,5312,Validacion
10013,4125,Prueba
10014,5338,Entrenamiento
10015,5242,Entrenamiento
10016,5339,Entrenamiento
10017,5340,Entrenamiento
10018,5341,Entrenamiento
10019,5342,Validacion
10020,5343,Entrenamiento
10021,4330,Entrenamiento
10022,5344,Prueba
10023,5345,Entrenamiento
10024,4345,Entrenamiento
10025,5059,Entrenamiento
10026,5346,Prueba
10027,4984,Entrenamiento
10028,4549,Entrenamiento
10029,4789,Prueba
10030,5347,Prueba
10031,5134,Entrenamiento
10032,4837,Validacion
10033,5348,Entrenamiento
10034,5349,Entrenamiento
10035,5350,Entrenamiento
10036,5351,Prueba
10037,5352,Validacion
10038,4511,Prueba
10039,5353,Entrenamiento
10040,4735,Entrenamiento
10041,5354,Entrenamiento
10042,802,Prueba
10043,5355,Entrenamiento
10044,5356,Validacion
10045,4503,Entrenamiento
10046,5357,Entrenamiento
10047,5358,Entrenamiento
10048,5359,Prueba
10049,5360,Entrenamiento
10050,5361,Entrenamiento
10051,5362,Entrenamiento
10052,4968,Entrenamiento
10053,5078,Entrenamiento
10054,4371,Entrenamiento
10055,5363,Validacion
10056,5364,Entrenamiento
10057,5365,Validacion
10058,5366,Prueba
10059,5367,Entrenamiento
10060,5368,Entrenamiento
10061,5369,Entrenamiento
10062,4899,Entrenamiento
10063,689,Entrenamiento
10064,5370,Prueba
10065,5371,Prueba
10066,5372,Entrenamiento
10067,4774,Prueba
10068,4830,Entrenamiento
10069,4975,Prueba
10070,5373,Entrenamiento
10071,5374,Entrenamiento
10072,5375,Prueba
10073,5376,Prueba
10074,5377,Entrenamiento
10075,5343,Entrenamiento
10076,5378,Entrenamiento
10077,5379,Entrenamiento
10078,5380,Entrenamiento
10079,5381,Prueba
10080,5382,Prueba
10081,2457,Prueba
10082,4277,Entrenamiento
10083,5383,Prueba
10084,4739,Prueba
10085,5384,Validacion
10086,5385,Entrenamiento
10087,5386,Entrenamiento
10088,4405,Entrenamiento
10089,4404,Prueba
10090,5254,Entrenamiento
10091,5387,Entrenamiento
10092,5388,Entrenamiento
10093,4655,Validacion
10094,604,Entrenamiento
10095,4114,Prueba
10096,5389,Entrenamiento
10097,5390,Entrenamiento
10098,5192,Entrenamiento
10099,5391,Entrenamiento
10100,4225,Entrenamiento
10101,4856,Prueba
10102,5392,Entrenamiento
10103,5393,Entrenamiento
10104,5394,Prueba
10105,5395,Entrenamiento
10106,5396,Entrenamiento
10107,5397,Validacion
10108,4627,Entrenamiento
10109,4053,Entrenamiento
10110,5398,Entrenamiento
10111,2740,Entrenamiento
10112,5399,Entrenamiento
10113,5400,Prueba
10114,5401,Entrenamiento
10115,4371,Entrenamiento
10116,5074,Entrenamiento
10117,5402,Entrenamiento
10118,5050,Validacion
10119,5403,Prueba
10120,5404,Entrenamiento
10121,4646,Entrenamiento
10122,5405,Prueba
10123,5406,Prueba
10124,5407,Prueba
10125,5408,Entrenamiento
10126,5409,Validacion
10127,4225,Entrenamiento
10128,5305,Entrenamiento
10129,4453,Entrenamiento
10130,4666,Prueba
10131,5410,Entrenamiento
10132,4354,Entrenamiento
10133,5411,Prueba
10134,5412,Entrenamiento
10135,4432,Entrenamiento
10136,5413,Validacion
10137,5414,Prueba
10138,5415,Validacion
10139,4269,Validacion
10140,5416,Entrenamiento
10141,5417,Validacion
10142,5302,Entrenamiento
10143,4617,Entrenamiento
10144,5418,Entrenamiento
10145,5419,Validacion
10146,5420,Entrenamiento
10147,5421,Validacion
10148,5422,Entrenamiento
10149,5423,Entrenamiento
10150,5424,Entrenamiento
10151,4985,Entrenamiento
10152,5425,Entrenamiento
10153,137,Entrenamiento
10154,5426,Entrenamiento
10155,88,Prueba
10156,5427,Validacion
10157,4596,Entrenamiento
10158,5428,Entrenamiento
10159,5429,Entrenamiento
10160,5430,Entrenamiento
10161,5431,Entrenamiento
10162,4846,Entrenamiento
10163,5395,Entrenamiento
10164,5432,Entrenamiento
10165,1151,Entrenamiento
10166,4488,Entrenamiento
10167,5433,Entrenamiento
10168,5348,Entrenamiento
10169,5434,Entrenamiento
10170,5435,Entrenamiento
10171,2431,Entrenamiento
10172,5015,Entrenamiento
10173,5436,Validacion
10174,5437,Prueba
10175,5438,Entrenamiento
10176,5439,Entrenamiento
10177,5440,Entrenamiento
10178,5441,Entrenamiento
10179,2868,Validacion
10180,5442,Entrenamiento
10181,4734,Entrenamiento
10182,752,Entrenamiento
10183,5443,Entrenamiento
10184,5444,Entrenamiento
10185,5445,Entrenamiento
10186,5446,Prueba
10187,5447,Validacion
10188,5448,Entrenamiento
10189,4180,Entrenamiento
10190,1008,Entrenamiento
10191,3544,Prueba
10192,5449,Entrenamiento
10193,5450,Entrenamiento
10194,5039,Prueba
10195,5451,Validacion
10196,2627,Validacion
10197,4376,Prueba
10198,5452,Validacion
10199,5453,Entrenamiento
10200,5454,Validacion
10201,5051,Entrenamiento
10202,5347,Prueba
10203,5455,Validacion
10204,5456,Validacion
10205,5457,Entrenamiento
10206,5226,Entrenamiento
10207,5458,Prueba
10208,5459,Prueba
10209,4255,Entrenamiento
10210,5460,Entrenamiento
10211,5406,Prueba
10212,5461,Prueba
10213,5462,Entrenamiento
10214,5463,Entrenamiento
10215,4556,Entrenamiento
10216,5464,Entrenamiento
10217,5305,Entrenamiento
10218,5465,Prueba
10219,735,Entrenamiento
10220,4722,Entrenamiento
10221,5466,Validacion
10222,5467,Entrenamiento
10223,5468,Validacion
10224,4696,Entrenamiento
10225,5469,Entrenamiento
10226,4053,Entrenamiento
10227,5005,Prueba
10228,5239,Entrenamiento
10229,5470,Entrenamiento
10230,5294,Entrenamiento
10231,3979,Prueba
10232,5471,Entrenamiento
10233,5083,Entrenamiento
10234,5472,Prueba
10235,4986,Entrenamiento
10236,5259,Prueba
10237,5473,Prueba
10238,4872,Entrenamiento
10239,2213,Entrenamiento
10240,5474,Prueba
10241,4636,Entrenamiento
10242,4574,Entrenamiento
10243,5475,Entrenamiento
10244,4655,Validacion
10245,5170,Entrenamiento
10246,5305,Entrenamiento
10247,5476,Entrenamiento
10248,5461,Prueba
10249,4089,Entrenamiento
10250,5477,Validacion
10251,4986,Entrenamiento
10252,5397,Validacion
10253,5478,Entrenamiento
10254,5078,Entrenamiento
10255,5479,Entrenamiento
10256,5480,Entrenamiento
10257,4900,Prueba
10258,4924,Entrenamiento
10259,5481,Entrenamiento
10260,4539,Entrenamiento
10261,5412,Entrenamiento
10262,5482,Entrenamiento
10263,5382,Prueba
10264,5483,Entrenamiento
10265,5484,Validacion
10266,4496,Entrenamiento
10267,5485,Entrenamiento
10268,4716,Validacion
10269,5486,Entrenamiento
10270,5487,Validacion
10271,5488,Entrenamiento
10272,5489,Validacion
10273,1403,Entrenamiento
10274,5490,Prueba
10275,3593,Prueba
10276,4958,Entrenamiento
10277,5491,Prueba
10278,5492,Validacion
10279,5493,Entrenamiento
10280,5494,Entrenamiento
10281,5495,Entrenamiento
10282,5496,Entrenamiento
10283,5497,Entrenamiento
10284,5498,Validacion
10285,4263,Entrenamiento
10286,5499,Entrenamiento
10287,5500,Entrenamiento
10288,5501,Entrenamiento
10289,5502,Entrenamiento
10290,5503,Entrenamiento
10291,5504,Entrenamiento
10292,4658,Entrenamiento
10293,4060,Prueba
10294,5396,Entrenamiento
10295,5505,Prueba
10296,5506,Entrenamiento
10297,4452,Entrenamiento
10298,4498,Prueba
10299,4424,Entrenamiento
10300,5507,Entrenamiento
10301,4733,Entrenamiento
10302,5508,Validacion
10303,4456,Validacion
10304,5509,Entrenamiento
10305,5510,Entrenamiento
10306,5383,Prueba
10307,5511,Entrenamiento
10308,5512,Validacion
10309,5513,Entrenamiento
10310,5514,Entrenamiento
10311,5515,Entrenamiento
10312,5516,Prueba
10313,4092,Entrenamiento
10314,5517,Entrenamiento
10315,5318,Entrenamiento
10316,364,Entrenamiento
10317,5518,Entrenamiento
10318,4498,Prueba
10319,4360,Entrenamiento
10320,1362,Prueba
10321,4390,Entrenamiento
10322,4399,Validacion
10323,5519,Validacion
10324,5520,Entrenamiento
10325,5521,Entrenamiento
10326,5522,Entrenamiento
10327,5051,Entrenamiento
10328,5523,Entrenamiento
10329,4582,Entrenamiento
10330,5524,Entrenamiento
10331,5280,Entrenamiento
10332,5525,Entrenamiento
10333,5526,Entrenamiento
10334,5527,Prueba
10335,5528,Entrenamiento
10336,5529,Entrenamiento
10337,495,Entrenamiento
10338,5320,Entrenamiento
10339,4371,Entrenamiento
10340,5499,Entrenamiento
10341,5530,Entrenamiento
10342,4793,Entrenamiento
10343,5531,Validacion
10344,5532,Entrenamiento
10345,5533,Entrenamiento
10346,4320,Entrenamiento
10347,4395,Entrenamiento
10348,5534,Entrenamiento
10349,5535,Entrenamiento
10350,675,Entrenamiento
10351,5536,Entrenamiento
10352,5537,Entrenamiento
10353,5498,Validacion
10354,5538,Prueba
10355,5086,Prueba
10356,5539,Entrenamiento
10357,4599,Prueba
10358,5540,Prueba
10359,5541,Entrenamiento
10360,5542,Entrenamiento
10361,4053,Entrenamiento
10362,5543,Entrenamiento
10363,5544,Validacion
10364,5545,Prueba
10365,4064,Entrenamiento
10366,5047,Entrenamiento
10367,5529,Entrenamiento
10368,4380,Entrenamiento
10369,4395,Entrenamiento
10370,5459,Prueba
10371,5546,Entrenamiento
10372,5547,Entrenamiento
10373,5548,Prueba
10374,5549,Validacion
10375,5399,Entrenamiento
10376,4053,Entrenamiento
10377,5550,Entrenamiento
10378,4700,Entrenamiento
10379,4411,Validacion
10380,5551,Prueba
10381,1362,Prueba
10382,5552,Entrenamiento
10383,5553,Entrenamiento
10384,4966,Entrenamiento
10385,5011,Validacion
10386,4291,Entrenamiento
10387,5554,Entrenamiento
10388,3659,Validacion
10389,5555,Entrenamiento
10390,5556,Entrenamiento
10391,235,Entrenamiento
10392,4990,Prueba
10393,5557,Prueba
10394,5558,Entrenamiento
10395,4354,Entrenamiento
10396,631,Entrenamiento
10397,5559,Entrenamiento
10398,5560,Entrenamiento
10399,5561,Entrenamiento
10400,5562,Entrenamiento
10401,5563,Entrenamiento
10402,4835,Entrenamiento
10403,4444,Entrenamiento
10404,3669,Prueba
10405,591,Entrenamiento
10406,5564,Entrenamiento
10407,4422,Entrenamiento
10408,5540,Prueba
10409,5565,Entrenamiento
10410,5566,Prueba
10411,5567,Entrenamiento
10412,5568,Prueba
10413,5569,Entrenamiento
10414,5570,Entrenamiento
10415,4571,Entrenamiento
10416,5571,Prueba
10417,5572,Entrenamiento
10418,5496,Entrenamiento
10419,5067,Prueba
10420,5037,Validacion
10421,5560,Entrenamiento
10422,5573,Prueba
10423,5574,Prueba
10424,3308,Prueba
10425,5575,Entrenamiento
10426,5576,Entrenamiento
10427,5577,Entrenamiento
10428,5578,Entrenamiento
10429,455,Entrenamiento
10430,5579,Validacion
10431,5580,Entrenamiento
10432,5581,Entrenamiento
10433,5582,Prueba
10434,5583,Entrenamiento
10435,5584,Prueba
10436,5585,Entrenamiento
10437,4881,Entrenamiento
10438,5586,Entrenamiento
10439,5364,Entrenamiento
10440,5587,Entrenamiento
10441,4643,Prueba
10442,5588,Entrenamiento
10443,5589,Entrenamiento
10444,4879,Entrenamiento
10445,4844,Entrenamiento
10446,4630,Validacion
10447,5480,Entrenamiento
10448,5590,Entrenamiento
10449,5591,Entrenamiento
10450,5177,Entrenamiento
10451,4617,Entrenamiento
10452,5592,Entrenamiento
10453,5593,Prueba
10454,5060,Prueba
10455,885,Entrenamiento
10456,4682,Entrenamiento
10457,4036,Entrenamiento
10458,5594,Prueba
10459,4810,Entrenamiento
10460,4886,Entrenamiento
10461,5595,Validacion
10462,5596,Entrenamiento
10463,5597,Entrenamiento
10464,720,Prueba
10465,5598,Entrenamiento
10466,5599,Validacion
10467,4337,Validacion
10468,5600,Entrenamiento
10469,5088,Entrenamiento
10470,5601,Prueba
10471,408,Validacion
10472,5602,Entrenamiento
10473,3707,Entrenamiento
10474,5603,Entrenamiento
10475,5334,Entrenamiento
10476,5604,Entrenamiento
10477,5605,Entrenamiento
10478,5606,Validacion
10479,2509,Entrenamiento
10480,5607,Entrenamiento
10481,4707,Entrenamiento
10482,5124,Entrenamiento
10483,4687,Entrenamiento
10484,5608,Entrenamiento
10485,5609,Validacion
10486,5610,Entrenamiento
10487,380,Validacion
10488,5611,Entrenamiento
10489,5612,Entrenamiento
10490,5613,Validacion
10491,5614,Validacion
10492,5615,Entrenamiento
10493,3707,Entrenamiento
10494,88,Prueba
10495,5616,Entrenamiento
10496,4536,Prueba
10497,5617,Entrenamiento
10498,5618,Entrenamiento
10499,5256,Entrenamiento
10500,5619,Prueba
10501,5620,Validacion
10502,2258,Entrenamiento
10503,5621,Entrenamiento
10504,5622,Entrenamiento
10505,2863,Entrenamiento
10506,5623,Entrenamiento
10507,5624,Entrenamiento
10508,5625,Validacion
10509,5626,Entrenamiento
10510,5627,Validacion
10511,5628,Entrenamiento
10512,5629,Entrenamiento
10513,5630,Entrenamiento
10514,5631,Entrenamiento
10515,5632,Validacion
10516,3904,Validacion
10517,5633,Validacion
10518,5634,Entrenamiento
10519,3907,Entrenamiento
10520,5635,Entrenamiento
10521,5636,Entrenamiento
10522,5637,Entrenamiento
10523,5638,Validacion
10524,5639,Entrenamiento
10525,3991,Entrenamiento
10526,5640,Entrenamiento
10527,5461,Prueba
10528,5641,Prueba
10529,5642,Entrenamiento
10530,5643,Entrenamiento
10531,5644,Entrenamiento
10532,5645,Entrenamiento
10533,4789,Prueba
10534,5646,Prueba
10535,5647,Prueba
10536,3929,Prueba
10537,3931,Validacion
10538,1894,Prueba
10539,1556,Entrenamiento
10540,5648,Prueba
10541,5649,Entrenamiento
10542,3940,Entrenamiento
10543,5650,Entrenamiento
10544,5651,Prueba
10545,3943,Entrenamiento
10546,5652,Entrenamiento
10547,3945,Validacion
10548,3946,Entrenamiento
10549,5653,Validacion
10550,3948,Validacion
10551,167,Validacion
10552,5654,Prueba
10553,1137,Entrenamiento
10554,3952,Entrenamiento
10555,882,Entrenamiento
10556,5655,Entrenamiento
10557,4071,Entrenamiento
10558,5656,Entrenamiento
10559,5657,Prueba
10560,4216,Entrenamiento
10561,4217,Entrenamiento
10562,686,Entrenamiento
10563,1293,Validacion
10564,4218,Entrenamiento
10565,4219,Prueba
10566,5403,Prueba
10567,572,Entrenamiento
10568,2188,Entrenamiento
10569,4221,Entrenamiento
10570,5658,Validacion
10571,5065,Entrenamiento
10572,4224,Prueba
10573,580,Entrenamiento
10574,4225,Entrenamiento
10575,4226,Entrenamiento
10576,4171,Entrenamiento
10577,4687,Entrenamiento
10578,4229,Validacion
10579,4230,Entrenamiento
10580,5659,Validacion
10581,4231,Entrenamiento
10582,4452,Entrenamiento
10583,4233,Entrenamiento
10584,4234,Entrenamiento
10585,4061,Entrenamiento
10586,4235,Validacion
10587,5660,Entrenamiento
10588,5661,Entrenamiento
10589,5662,Prueba
10590,4239,Entrenamiento
10591,4116,Entrenamiento
10592,5663,Entrenamiento
10593,4242,Entrenamiento
10594,5664,Entrenamiento
10595,4244,Validacion
10596,4245,Validacion
10597,4246,Entrenamiento
10598,5665,Entrenamiento
10599,5666,Entrenamiento
10600,4249,Entrenamiento
10601,5667,Entrenamiento
10602,4251,Entrenamiento
10603,4252,Prueba
10604,5668,Entrenamiento
10605,4254,Prueba
10606,4255,Entrenamiento
10607,4256,Entrenamiento
10608,4257,Prueba
10609,4258,Entrenamiento
10610,4259,Validacion
10611,5669,Entrenamiento
10612,4260,Entrenamiento
10613,4261,Entrenamiento
10614,5670,Entrenamiento
10615,1454,Validacion
10616,3169,Entrenamiento
10617,4265,Entrenamiento
10618,5671,Entrenamiento
10619,5672,Entrenamiento
10620,5673,Entrenamiento
10621,4269,Validacion
10622,5674,Entrenamiento
10623,2242,Entrenamiento
10624,5675,Entrenamiento
10625,4272,Entrenamiento
10626,4273,Validacion
10627,4274,Entrenamiento
10628,4060,Prueba
10629,5676,Entrenamiento
10630,5677,Entrenamiento
10631,4277,Entrenamiento
10632,5612,Entrenamiento
10633,4516,Validacion
10634,5308,Entrenamiento
10635,5678,Validacion
10636,4519,Entrenamiento
10637,5679,Validacion
10638,5680,Entrenamiento
10639,5681,Entrenamiento
10640,4499,Entrenamiento
10641,4523,Entrenamiento
10642,4524,Entrenamiento
10643,4525,Validacion
10644,4526,Prueba
10645,4527,Validacion
10646,5682,Entrenamiento
10647,4529,Prueba
10648,4856,Prueba
10649,4129,Entrenamiento
10650,5683,Validacion
10651,5684,Entrenamiento
10652,4532,Prueba
10653,4475,Prueba
10654,4534,Prueba
10655,5685,Entrenamiento
10656,4536,Prueba
10657,4537,Validacion
10658,4415,Entrenamiento
10659,4092,Entrenamiento
10660,4538,Validacion
10661,4829,Entrenamiento
10662,4540,Entrenamiento
10663,4487,Entrenamiento
10664,5686,Validacion
10665,4907,Prueba
10666,2431,Entrenamiento
10667,3991,Entrenamiento
10668,5687,Entrenamiento
10669,4544,Entrenamiento
10670,4545,Entrenamiento
10671,4546,Validacion
10672,4547,Entrenamiento
10673,4548,Entrenamiento
10674,4549,Entrenamiento
10675,4514,Entrenamiento
10676,5688,Entrenamiento
10677,4551,Entrenamiento
10678,4552,Entrenamiento
10679,4553,Entrenamiento
10680,5689,Entrenamiento
10681,4555,Entrenamiento
10682,4556,Entrenamiento
10683,4557,Validacion
10684,4108,Entrenamiento
10685,4558,Prueba
10686,4559,Entrenamiento
10687,4560,Validacion
10688,4561,Validacion
10689,981,Entrenamiento
10690,4562,Prueba
10691,4563,Validacion
10692,4564,Entrenamiento
10693,4565,Entrenamiento
10694,5690,Entrenamiento
10695,629,Entrenamiento
10696,5691,Entrenamiento
10697,4568,Entrenamiento
10698,4569,Entrenamiento
10699,4570,Entrenamiento
10700,2611,Prueba
10701,4571,Entrenamiento
10702,4572,Validacion
10703,4776,Validacion
10704,5692,Validacion
10705,5693,Entrenamiento
10706,4053,Entrenamiento
10707,4793,Entrenamiento
10708,4794,Entrenamiento
10709,3115,Entrenamiento
10710,4795,Validacion
10711,4707,Entrenamiento
10712,4796,Validacion
10713,1477,Prueba
10714,5694,Entrenamiento
10715,5695,Entrenamiento
10716,5696,Entrenamiento
10717,4800,Entrenamiento
10718,853,Entrenamiento
10719,4802,Validacion
10720,5697,Validacion
10721,4804,Entrenamiento
10722,5698,Entrenamiento
10723,5699,Entrenamiento
10724,4807,Entrenamiento
10725,4108,Entrenamiento
10726,4808,Entrenamiento
10727,5700,Entrenamiento
10728,4809,Entrenamiento
10729,4810,Entrenamiento
10730,5701,Entrenamiento
10731,5702,Entrenamiento
10732,4813,Entrenamiento
10733,5703,Entrenamiento
10734,5704,Entrenamiento
10735,5705,Entrenamiento
10736,5706,Entrenamiento
10737,4455,Entrenamiento
10738,4818,Validacion
10739,5707,Entrenamiento
10740,3940,Entrenamiento
10741,4820,Entrenamiento
10742,4259,Validacion
10743,4821,Entrenamiento
10744,5708,Entrenamiento
10745,4823,Entrenamiento
10746,5709,Entrenamiento
10747,4371,Entrenamiento
10748,4934,Validacion
10749,5335,Entrenamiento
10750,4827,Entrenamiento
10751,5710,Entrenamiento
10752,4828,Entrenamiento
10753,4829,Entrenamiento
10754,4830,Entrenamiento
10755,5711,Entrenamiento
10756,366,Prueba
10757,5684,Entrenamiento
10758,4831,Prueba
10759,4065,Entrenamiento
10760,4832,Entrenamiento
10761,4833,Validacion
10762,5712,Prueba
10763,4545,Entrenamiento
10764,4446,Prueba
10765,4836,Validacion
10766,4837,Validacion
10767,4745,Entrenamiento
10768,4838,Entrenamiento
10769,4354,Entrenamiento
10770,5713,Entrenamiento
10771,4840,Entrenamiento
10772,5714,Entrenamiento
10773,4299,Entrenamiento
10774,4841,Entrenamiento
10775,4842,Validacion
10776,5715,Entrenamiento
10777,4206,Entrenamiento
10778,5716,Prueba
10779,4846,Entrenamiento
10780,4847,Prueba
10781,5462,Entrenamiento
10782,2862,Prueba
10783,4437,Prueba
10784,2863,Entrenamiento
10785,5717,Prueba
10786,4175,Entrenamiento
10787,4850,Prueba
10788,4851,Entrenamiento
10789,283,Validacion
10790,4486,Validacion
10791,2868,Validacion
10792,4089,Entrenamiento
10793,4852,Entrenamiento
10794,4853,Prueba
10795,4089,Entrenamiento
10796,4854,Entrenamiento
10797,4124,Entrenamiento
10798,5718,Entrenamiento
10799,4856,Prueba
10800,4857,Entrenamiento
10801,4036,Entrenamiento
10802,4858,Entrenamiento
10803,4859,Entrenamiento
10804,5719,Entrenamiento
10805,380,Validacion
10806,5479,Entrenamiento
10807,2918,Entrenamiento
10808,4862,Entrenamiento
10809,5608,Entrenamiento
10810,4864,Entrenamiento
10811,4497,Prueba
10812,4865,Prueba
10813,5720,Entrenamiento
10814,1458,Entrenamiento
10815,4867,Entrenamiento
10816,5721,Entrenamiento
10817,5722,Validacion
10818,4870,Validacion
10819,4871,Entrenamiento
10820,5723,Entrenamiento
10821,4617,Entrenamiento
10822,283,Validacion
10823,5724,Entrenamiento
10824,5653,Validacion
10825,4875,Entrenamiento
10826,4876,Validacion
10827,2188,Entrenamiento
10828,5725,Entrenamiento
10829,4878,Validacion
10830,5726,Entrenamiento
10831,5727,Prueba
10832,5026,Entrenamiento
10833,5728,Entrenamiento
10834,4883,Prueba
10835,4884,Entrenamiento
10836,4885,Entrenamiento
10837,4886,Entrenamiento
10838,4887,Entrenamiento
10839,4888,Validacion
10840,5214,Entrenamiento
10841,5729,Validacion
10842,4891,Entrenamiento
10843,4298,Entrenamiento
10844,4892,Entrenamiento
10845,5730,Entrenamiento
10846,4894,Validacion
10847,5731,Entrenamiento
10848,4896,Entrenamiento
10849,4335,Entrenamiento
10850,5732,Entrenamiento
10851,5733,Validacion
10852,4790,Prueba
10853,4899,Entrenamiento
10854,4900,Prueba
10855,4440,Validacion
10856,4454,Entrenamiento
10857,4371,Entrenamiento
10858,5734,Entrenamiento
10859,5735,Entrenamiento
10860,2918,Entrenamiento
10861,4904,Validacion
10862,2919,Entrenamiento
10863,4906,Entrenamiento
10864,4542,Entrenamiento
10865,5736,Validacion
10866,449,Entrenamiento
10867,5737,Entrenamiento
10868,5738,Validacion
10869,4922,Entrenamiento
10870,2925,Validacion
10871,5739,Entrenamiento
10872,4736,Entrenamiento
10873,3364,Entrenamiento
10874,5740,Entrenamiento
10875,4915,Prueba
10876,5741,Prueba
10877,5742,Entrenamiento
10878,4829,Entrenamiento
10879,4465,Entrenamiento
10880,5743,Entrenamiento
10881,4918,Entrenamiento
10882,5744,Validacion
10883,5745,Entrenamiento
10884,5746,Prueba
10885,4922,Entrenamiento
10886,5747,Entrenamiento
10887,4924,Entrenamiento
10888,4925,Validacion
10889,4926,Entrenamiento
10890,4927,Entrenamiento
10891,5748,Entrenamiento
10892,5749,Entrenamiento
10893,5750,Entrenamiento
10894,4931,Entrenamiento
10895,4932,Validacion
10896,5751,Validacion
10897,5752,Entrenamiento
10898,4934,Validacion
10899,530,Prueba
10900,4602,Entrenamiento
10901,4935,Validacion
10902,4552,Entrenamiento
10903,5753,Prueba
10904,5754,Entrenamiento
10905,5755,Entrenamiento
10906,5756,Entrenamiento
10907,591,Entrenamiento
10908,4580,Entrenamiento
10909,4703,Entrenamiento
10910,306,Entrenamiento
10911,4941,Entrenamiento
10912,4354,Entrenamiento
10913,4942,Entrenamiento
10914,4943,Entrenamiento
10915,5757,Entrenamiento
10916,2719,Entrenamiento
10917,5758,Entrenamiento
10918,5759,Entrenamiento
10919,4534,Prueba
10920,2242,Entrenamiento
10921,4946,Entrenamiento
10922,4947,Entrenamiento
10923,5760,Entrenamiento
10924,4949,Entrenamiento
10925,4950,Entrenamiento
10926,4108,Entrenamiento
10927,4951,Entrenamiento
10928,4170,Entrenamiento
10929,977,Prueba
10930,4707,Entrenamiento
10931,4953,Prueba
10932,716,Entrenamiento
10933,4954,Validacion
10934,4955,Entrenamiento
10935,5761,Entrenamiento
10936,5762,Entrenamiento
10937,4252,Prueba
10938,330,Entrenamiento
10939,4958,Entrenamiento
10940,5176,Entrenamiento
10941,4242,Entrenamiento
10942,4961,Entrenamiento
10943,4962,Entrenamiento
10944,4963,Entrenamiento
10945,5763,Prueba
10946,4965,Prueba
10947,716,Entrenamiento
10948,4966,Entrenamiento
10949,4967,Entrenamiento
10950,4968,Entrenamiento
10951,366,Prueba
10952,5764,Entrenamiento
10953,4970,Validacion
10954,4214,Entrenamiento
10955,4972,Entrenamiento
10956,4325,Entrenamiento
10957,4974,Entrenamiento
10958,4975,Prueba
10959,4516,Validacion
10960,5765,Entrenamiento
10961,4977,Validacion
10962,5766,Entrenamiento
10963,5767,Validacion
10964,4980,Entrenamiento
10965,4674,Entrenamiento
10966,4981,Validacion
10967,4509,Validacion
10968,4982,Entrenamiento
10969,4983,Validacion
10970,4743,Validacion
10971,4984,Entrenamiento
10972,4600,Entrenamiento
10973,4985,Entrenamiento
10974,4438,Entrenamiento
10975,4620,Entrenamiento
10976,5768,Entrenamiento
10977,4986,Entrenamiento
10978,4987,Entrenamiento
10979,4058,Prueba
10980,4870,Validacion
10981,5769,Prueba
10982,4988,Validacion
10983,4989,Validacion
10984,4990,Prueba
10985,4917,Entrenamiento
10986,4991,Validacion
10987,4992,Entrenamiento
10988,4993,Entrenamiento
10989,4994,Prueba
10990,4725,Entrenamiento
10991,4995,Entrenamiento
10992,5770,Entrenamiento
10993,4708,Entrenamiento
10994,4997,Entrenamiento
10995,1130,Entrenamiento
10996,4998,Entrenamiento
10997,4285,Entrenamiento
10998,4656,Entrenamiento
10999,842,Prueba
11000,5771,Entrenamiento
11001,5772,Prueba
11002,5773,Entrenamiento
11003,4641,Entrenamiento
11004,5001,Entrenamiento
11005,5002,Entrenamiento
11006,229,Validacion
11007,5774,Validacion
11008,5004,Entrenamiento
11009,5005,Prueba
11010,5775,Prueba
11011,4809,Entrenamiento
11012,112,Entrenamiento
11013,4559,Entrenamiento
11014,5006,Entrenamiento
11015,5007,Entrenamiento
11016,5008,Prueba
11017,5009,Entrenamiento
11018,5776,Entrenamiento
11019,5777,Validacion
11020,5012,Validacion
11021,5778,Validacion
11022,5345,Entrenamiento
11023,5015,Entrenamiento
11024,5016,Entrenamiento
11025,5017,Entrenamiento
11026,530,Prueba
11027,5018,Prueba
11028,5019,Entrenamiento
11029,5779,Prueba
11030,4829,Entrenamiento
11031,5022,Entrenamiento
11032,5780,Entrenamiento
11033,5024,Entrenamiento
11034,5025,Entrenamiento
11035,1508,Entrenamiento
11036,5026,Entrenamiento
11037,5781,Entrenamiento
11038,4656,Entrenamiento
11039,4448,Entrenamiento
11040,5029,Entrenamiento
11041,4758,Entrenamiento
11042,4858,Entrenamiento
11043,4380,Entrenamiento
11044,4226,Entrenamiento
11045,1464,Entrenamiento
11046,5031,Entrenamiento
11047,5032,Prueba
11048,5782,Validacion
11049,5783,Entrenamiento
11050,5034,Entrenamiento
11051,5035,Entrenamiento
11052,4664,Validacion
11053,4527,Validacion
11054,5784,Entrenamiento
